"WeeklyRent","DistanceCBD","Bedrooms","FloorArea","PropertyAge","NearTrain","Furnished","HighDemandArea"
774.3,1.57,1,49.1,24.9,0,1,0
980.1,12.33,2,96.1,14,1,0,1
686.14,23.7,2,82,1.1,0,1,0
968.39,6.85,1,59.9,12.3,1,1,1
849.06,19.88,3,93.5,8,1,0,0
881.4,13.29,2,90.2,4.9,1,0,1
665.36,11.5,2,57.8,21.1,0,0,0
628.64,15.79,1,75.4,8.5,0,0,0
948.58,17.11,3,104.9,27.6,1,0,1
1022.48,24.91,4,127.6,23.7,0,1,1
770.29,9.49,2,65.7,33.6,0,1,0
718.5,2.78,1,36.3,37.3,0,0,0
778.46,10.92,2,90.1,7.6,0,0,0
1159.39,6.44,2,85,7.5,1,1,1
871.08,7.76,2,67.3,7.2,0,1,0
546.03,23.93,2,81.5,1.7,0,0,0
1139.45,8.69,4,111.4,11,0,1,0
884.14,10.88,2,74.1,2.9,0,1,1
1190.01,13.35,4,114.6,12.9,0,0,1
546.2,26.53,2,84.4,15.6,0,0,0
555.52,14.35,1,61.9,45.6,1,0,0
749.07,4.79,1,44.9,14.3,1,0,0
1249.34,13.35,4,134.1,21.6,1,1,0
860.05,3.78,1,62.1,5.1,1,0,0
1011.56,10.42,2,65.8,3.5,1,1,1
679.56,22.34,1,72.1,9.6,1,0,1
776.42,20.04,3,103.9,35.3,1,0,0
890.55,4.57,2,79.2,7.9,0,0,0
885.88,28.48,5,158.9,14.7,0,0,0
796.72,4.47,1,40.3,20,1,0,1
1269.97,3.59,3,94.9,21.4,1,1,1
561.77,16.28,1,36.8,5.6,1,0,0
743.02,5.67,1,42.5,67.4,1,0,1
698.28,4.07,1,35,32.3,0,0,1
632.48,3.17,1,46.2,53,0,1,0
1117.71,2.38,4,106.3,21.7,1,0,0
1093.38,7.34,3,100,18.1,0,0,1
1067.94,24.13,4,141.2,13.9,0,0,1
708.96,17.19,3,105.5,13.5,0,0,0
983.33,8.49,2,74.5,33.1,1,0,1
1213.66,6.25,3,105.3,9.5,1,0,1
1096.21,4.79,3,89.7,19.2,0,0,1
790.11,24.14,3,107.5,5,0,1,0
701.1,2.85,1,39.8,11.5,0,0,0
592.75,34.73,3,109.2,7,0,0,0
999.83,11.87,3,76,16.9,1,0,1
762.4,28.35,5,139.6,49.5,0,0,0
1145.54,10,3,96.5,10.7,1,0,1
847.13,22.18,5,153.3,17.6,0,0,0
881.82,11.96,2,89.1,3.3,1,1,0
970.64,10.74,2,95.8,2.5,1,0,1
735.25,18.64,3,99.7,36.2,0,0,0
1182.88,3.44,3,101.4,22.6,1,0,1
732.14,22.2,3,98.1,23.3,1,0,0
773.68,9.85,2,82.5,16.9,0,1,0
997.95,9.31,1,66.3,8.2,1,1,1
779.24,30.82,5,174.3,15.6,0,0,0
1097.76,2.39,2,47.2,5.6,1,1,1
972.56,5.45,2,63.9,27.6,0,0,1
1121.58,3.85,2,97.4,27.1,1,1,1
1394.5,8.99,5,144.1,2.3,0,0,1
1023.21,4.74,3,75,18.4,0,0,1
1200.55,3.69,2,76.1,16.8,1,1,1
867.36,21,4,132.4,5.8,0,0,0
1361.98,2.17,4,124,37.6,1,0,1
605.91,20.48,2,69.5,15.1,0,0,0
961.66,2.6,1,62,4.8,1,0,1
690.86,4.55,1,55.3,21.9,1,0,0
1001.52,8.21,2,74.5,18.9,0,1,1
694.87,28.56,4,124.3,61.8,0,0,0
484.86,32.56,2,84.6,24.6,0,0,0
1106.7,8.61,2,98.7,11.4,1,0,1
933.08,40,4,159.7,30.4,1,0,0
1123.13,3.74,2,75.4,4.7,1,1,0
770.73,8.71,1,54.4,3.7,1,1,0
878.85,3.75,3,85.2,28.3,0,0,0
669.67,7.25,2,62.1,38.1,1,0,0
735.94,1.07,1,35,3.8,1,0,1
658.22,33.73,3,109.3,14.8,0,0,0
1225.3,2.8,3,99.2,14.8,1,1,1
711.27,25.13,2,93,3.8,0,1,0
1038.07,2.93,2,71.2,19.6,1,0,1
1257.16,12.54,4,117.9,4.4,1,0,1
1066.1,2.34,2,65.7,21.6,1,0,1
617.75,11.35,1,54.3,12.7,0,0,0
1297.83,10.66,5,146.5,10.1,0,1,0
589.98,4.25,1,52.2,30.9,0,0,0
809.79,9.01,1,66.3,2.2,1,0,1
988.23,4.73,2,72,18,0,0,1
694.21,3.59,1,47.1,38.5,0,1,1
700.3,26.53,3,101.6,5.2,0,0,0
896.44,29.08,4,157.9,8.7,0,1,0
861.64,12.05,2,71.9,1.3,1,0,1
835.18,9.97,1,74.8,42.2,1,0,1
697.91,25.58,3,114.6,17.8,0,0,0
1120.42,11.16,3,104,2.2,1,0,1
1033.71,3.03,3,105.8,4,0,0,0
595.37,12.97,1,38.9,20.8,1,1,0
1119.41,4.11,2,77.2,26.5,0,1,1
629.6,0.78,1,45.2,32,0,0,0
1222.82,16.53,4,123.6,14.8,1,0,1
655.83,17.55,3,94.1,33.6,0,0,0
757.04,7.95,2,78.2,33.1,0,0,0
671.41,11.43,2,70,20.6,0,0,0
771.94,8.47,2,83.9,13.9,0,0,0
783.28,18.39,3,90.7,8.1,0,1,0
641.06,21.37,3,110.7,9.2,0,0,0
855.39,2.91,1,65.1,30.9,1,0,1
649.77,16.61,2,50,22.1,1,1,0
506.17,16.16,1,58.3,30.5,0,0,1
870.09,10.03,1,72.9,7.1,0,0,1
950.67,29.26,4,123.6,18.5,0,0,1
1148.54,8.38,3,101.3,17.7,1,0,1
893.44,2.23,2,41.2,35,0,0,1
630.95,19.6,2,95.4,44.3,0,1,0
782.15,16.72,3,101.5,20.3,0,0,0
1041.59,4.72,3,93.2,20.9,0,1,0
805.52,11.27,2,85.7,2.6,0,1,0
673.15,18.7,2,93.1,35.1,0,0,0
980.54,5.81,2,65.8,35.7,1,0,1
940.61,9.33,2,89.2,27.7,0,0,1
537,19.75,2,73.9,10.4,0,0,0
736.73,10.29,1,74.1,25.6,1,0,0
714.8,30.53,3,110.5,22.8,1,0,0
813.29,27.7,3,120.7,14.4,1,0,0
972.88,4,2,71.7,28.7,0,0,1
757.64,22.16,2,91,10.6,0,0,1
1174.27,9.79,4,104.6,42,0,0,1
460.6,27.23,2,85.5,10.3,0,0,0
668.92,14.74,3,83.2,26.8,0,0,0
871.98,3.04,1,90.8,14.7,0,0,0
974.85,7.75,2,79.2,13,1,1,0
614.94,24.66,2,95,27.4,0,0,0
941.68,12.28,3,103.3,25.8,1,1,0
558.11,14.41,1,55.4,27.5,0,0,0
1099.87,7.47,2,87,4.5,1,0,1
378,11.63,1,36.2,36.2,0,0,0
1056.24,2.3,3,94.3,16.6,1,0,0
989.93,12.83,3,93.8,11.8,0,1,0
760.82,20.64,1,62.6,4,1,0,1
857.17,1.04,1,42.2,40.6,1,1,1
996.9,25.19,4,132.4,15.5,0,0,1
875.19,22.25,4,108.7,8.5,1,0,0
1173.82,3.47,3,91,17.2,1,0,1
871.27,15.71,4,109.4,24.1,0,0,0
1039.06,25.96,4,137.9,16.7,0,0,1
811.01,8.63,2,83.3,10.5,1,0,0
593.94,13.37,1,75.8,14.4,0,1,0
898.31,8.32,2,83.3,6.2,0,0,1
738.65,18.03,3,109.1,34.9,0,0,0
948.72,11.92,3,94.2,38.5,0,0,1
980.36,13.64,2,91.3,7.4,1,0,1
902.07,2.51,3,78.9,30.9,0,0,0
717.2,6.15,2,63.9,24.2,0,0,0
584.65,23.88,2,101.3,11.5,0,0,0
799.39,1.26,2,61.3,24.3,0,0,0
910.6,13.84,2,85.4,4.6,1,0,1
1026.8,12.81,2,83.4,8.8,1,1,1
687.69,20.45,3,97.2,13.2,0,0,0
823.31,1.91,1,35,50.9,1,1,1
1128.05,3.48,2,79.8,23,0,1,1
1073.25,2.36,2,61.9,16.3,1,0,1
763.7,2.24,1,35,25.1,0,1,1
747.77,29.2,3,96.3,13.3,1,0,0
1059.21,2.38,3,90.4,18.7,0,0,1
1043.17,2.8,2,60.8,35.6,0,1,1
1017.38,4.19,3,84.7,10.4,1,0,0
1026.33,13.47,3,114.8,76.9,1,0,1
632.62,15.88,1,73.3,54.4,1,0,0
1314.96,11.99,4,127.7,10.8,1,0,1
721.95,3.72,2,54.2,18.5,0,0,0
551.01,21.48,1,54.3,47.9,1,1,0
842.47,14.97,2,69.7,7.1,0,1,1
845.69,28.49,4,165.6,7.7,0,0,0
847.47,11.02,2,91.4,6.8,0,1,0
943.84,14.36,3,115.7,7.6,0,0,0
737.13,4.46,1,49.8,27.9,0,0,1
974.7,24.12,3,107.9,9.8,1,0,1
612.59,13.43,2,66.9,3,0,0,0
954.5,1.79,1,64.8,11.6,1,0,1
605.76,37.84,2,106.8,8.9,0,1,0
782.98,3.76,2,72.8,19.3,0,0,0
601.89,10.09,2,71.3,13.5,0,0,0
977.66,3.89,2,59.2,35.7,0,1,1
853.45,11.53,2,80,27.3,1,0,1
1144.55,4.03,2,77.1,14.1,1,1,1
1238.68,8.7,3,115.6,12.1,0,1,1
931.49,5.33,1,77.1,23.8,0,1,1
565.56,35.52,3,112.7,25.3,0,0,0
637.7,21.85,3,97.6,18.6,0,0,0
955.42,0.9,1,69,3.8,1,0,1
1058.88,2.07,2,61.4,10.2,1,0,1
725.68,18.18,2,106,15.9,1,0,0
775.97,21.32,3,110.6,50,0,0,1
962.58,15.98,3,114.3,17.9,0,0,1
707.16,21.42,3,96.2,5.7,0,0,0
890.48,0.98,3,82.6,31.4,0,0,0
1269.06,1.56,3,79.4,20.3,1,1,1
795.14,29.11,3,118.2,31.7,1,0,0
998.5,32.35,4,150.6,31.7,1,1,0
1001.95,3.78,2,69.2,19.3,0,0,1
528.77,34.78,2,109.7,18.6,0,0,0
962.33,9.6,2,76.9,10,1,0,1
792.92,29.79,3,122.1,63.4,1,1,0
802.68,14.64,3,93.7,33.7,0,0,0
1046.61,5.43,2,86.7,3.5,0,1,1
1163.37,3.82,3,89.5,40.3,1,1,1
557.69,23.34,3,83.2,26.7,0,0,0
592.89,30.76,3,111.5,40.8,0,0,0
891.09,21.34,4,132.4,10.4,0,0,0
1239.25,1.93,3,90.1,15.8,1,0,1
837.96,9.04,2,77.5,12.2,0,1,0
1185.63,12.32,3,105.5,18.7,1,1,1
801.95,10.47,1,52.5,36,1,1,1
562.23,30.07,2,113.5,14.7,0,0,0
823.93,29.44,4,127,8.6,0,0,0
885.46,1.92,1,35,34.4,0,1,1
807.23,4.42,1,51.1,24.9,1,1,1
844.19,28.85,5,172.6,11,0,0,0
810.46,20.24,4,135.7,22,0,0,0
782.39,25.47,4,122.3,10.7,0,0,0
1094.89,2.2,2,60.7,8.6,0,1,1
854.77,8.01,3,114.1,53.2,0,0,0
1026.71,3.57,2,70.9,60,1,1,1
1439.14,10.7,5,156.7,2.6,1,0,1
782.32,20.2,3,123.8,32.1,1,0,0
723.97,29.9,2,90,11.5,0,1,1
512.49,38.48,2,103.2,13.4,0,0,0
658.68,8.14,1,61.8,19.4,1,0,0
784.92,12.13,2,82.8,4.6,0,1,0
606.43,7.66,1,47.6,47.5,1,0,0
938.63,2.44,2,77.4,8.9,0,0,1
959.17,4.44,2,51.8,1.5,0,1,0
665.43,11.99,1,58.5,8.8,0,1,0
673.68,12.19,2,83.1,28.7,0,0,0
547.83,7.49,1,41.7,66.5,1,0,0
760.03,5.17,1,42.9,26.2,0,1,1
1037.82,2.84,2,62.4,6.4,1,0,1
871.34,24.63,4,144.1,10.6,0,0,0
1314.99,13.17,5,164.4,19,0,0,1
1194.87,14.58,3,110.5,37.3,1,1,1
822.75,1.88,1,58.8,46.2,0,1,1
920.46,38.48,4,137.6,14.2,0,1,0
758.76,13.1,3,119,12.6,0,0,0
981.5,22.96,5,147.1,26.8,0,0,0
779.16,3.55,1,39.8,18.3,0,0,1
984.76,13.5,3,100.4,35.4,0,0,1
958.99,12.56,4,112.1,7,1,0,0
981.34,28,4,152.4,25.1,0,0,1
1147.78,14.96,5,159,15.1,0,0,0
1073.32,24.96,4,140.9,46.9,1,0,1
740.48,22.72,3,94.6,12.4,1,0,0
654.57,6.08,1,35,6.8,0,1,0
718.28,4.8,1,43.1,19.7,0,0,1
1059.68,21.57,3,107,9.4,1,0,1
1188.2,9.7,4,125.8,46,0,0,1
695.84,10.47,2,67,26.5,0,0,0
991.69,6.26,3,89.8,64.6,0,0,1
1070.16,2.13,2,51.6,10.8,1,1,1
1181.63,5.24,2,77,2.6,1,1,1
879.13,6.13,1,47.3,1.1,1,0,1
904.72,9.59,2,77.1,5.6,0,0,1
1230.25,12.09,4,128.2,28,1,1,0
1100.55,24.55,5,146.9,17,0,0,1
1025.66,3.95,2,66.6,13.8,1,1,1
917.19,19.38,3,97.5,6.4,0,0,1
621.05,15.76,1,48.5,16.7,1,0,1
1227.94,23.33,5,155.2,14.1,1,0,1
1227.11,3.66,3,99.2,30.1,0,1,1
924.57,8.63,3,96.9,1.8,0,0,0
827.88,5.23,1,47.4,7.7,1,0,1
863.88,34.92,5,154.6,4.7,0,0,0
669.52,10.81,1,50.9,14.4,0,0,1
681.82,23.55,3,108.9,27.3,0,0,0
722.32,12.48,2,88.3,28.6,0,0,0
630.52,26.13,3,105.9,22.8,0,0,0
892.34,5.65,2,66.4,9.4,0,0,1
1056.61,8.37,3,104.4,27.2,0,0,1
1010.76,10.25,3,111.1,14.8,0,0,0
1191.03,15.61,4,120.9,18.8,1,0,1
578.02,26.59,2,110,9.9,0,0,0
806.98,5.62,1,56.1,11.6,0,0,1
828.74,3.21,1,67.2,13.6,0,0,1
841.29,6.02,1,48.9,12.9,1,1,1
553.14,22.7,2,83.2,14.4,0,0,0
876.37,2.49,1,50.5,7.5,1,0,1
1249.52,34.08,5,162.8,7.3,0,1,1
699.23,3.44,1,44,46.2,0,0,1
316.33,32.87,1,92.4,40.6,0,0,0
1010.06,3.2,2,67.9,2.4,0,0,1
639.59,7.63,1,35,14.6,1,0,1
822.42,30.91,4,146.2,12.3,0,0,0
1114.82,2.51,2,74.3,8.8,0,1,1
1307.55,12.74,5,143.3,48.8,1,0,1
1227.81,1.98,2,84.6,22.8,1,1,1
686.12,4.41,1,50.7,29.8,0,1,0
793.17,37.75,4,160.4,25.5,0,1,0
840.26,4.13,1,56.5,22.8,1,0,1
592.19,14.02,1,59.3,24.5,1,0,0
975,16.1,3,115,14.6,0,0,1
871.67,3.86,1,35,11.5,1,1,1
741.52,25.32,3,136.9,40.9,1,0,0
1047.45,5.57,2,85.7,22.2,1,1,1
1060.12,28,4,145.9,16.2,0,1,1
875.87,11.67,2,64.1,8,1,0,1
725.03,24.99,4,122,40.3,0,0,0
829.15,21.98,2,101.5,3.6,1,1,0
822.38,12.6,2,98.5,34.9,1,0,0
558.77,8.61,1,48.9,29.1,0,0,0
539.97,31.5,2,112.6,37.5,0,0,0
704.96,9.17,1,35,6.8,1,0,1
691.99,23.77,3,107.4,12,0,0,0
1074.83,15.22,2,123.3,2.7,1,1,1
654.24,11.48,1,61.5,13.6,1,0,0
867.67,22.9,4,155.4,21.8,0,0,0
851.03,29.26,4,132.4,21.5,0,1,0
714.41,30.96,2,80.1,13.4,1,0,1
611.03,23.07,2,74.3,2.6,0,0,0
555.35,15.9,1,53.6,1.4,0,0,0
1286.54,17.24,4,129.9,15,1,1,1
836.37,18.39,3,116.5,34.1,1,0,0
1092.48,9.54,3,94.3,38.8,1,0,1
924.31,5.79,1,57.1,31.2,1,1,1
1164.28,2.06,2,83.1,10.2,1,1,1
778.05,30.66,3,105.4,37.7,0,0,1
646.68,13.34,2,71.8,14.1,0,0,0
1027.24,11.55,3,129.6,6,1,0,0
1222.91,7.56,3,98.1,7.3,1,1,1
717.35,10.6,2,82.8,10,0,0,0
742.16,12.8,1,81.3,15.1,0,0,1
1088.01,11.07,3,81.5,9.7,0,0,1
536.12,32.86,1,76,14.6,1,0,0
856.4,2.21,2,78.9,22.3,0,0,0
1003.62,2.47,2,86.7,1.5,0,0,0
989.47,22.3,4,123.8,7.5,1,1,0
957.55,23.89,3,129.3,4.1,1,0,0
975.95,3.19,2,66,7.8,0,0,1
1288.76,3.25,3,128.1,21.7,1,0,1
783.05,30.47,3,116.4,16.4,1,0,0
647.33,3.64,1,37.6,54.4,1,0,0
911.74,15.07,3,90.3,16.7,1,0,1
805.78,23.07,2,99.7,20.9,1,1,0
603.57,20.72,2,70.4,31.5,0,1,0
696.38,6.21,1,66.3,26.4,0,0,0
644.97,12.1,2,83.3,20.5,0,0,0
1105.92,14.05,3,111.5,42.7,0,1,1
855.62,10.83,2,102.1,14.8,0,1,0
747.62,7.52,1,60.5,18,0,1,0
747.3,3.26,1,55.2,13.9,0,0,1
892.12,5.92,2,63.4,28.6,1,1,0
1111.25,5.33,2,82.5,14.5,1,1,1
1069.14,19.41,3,96.3,15.9,1,1,1
719.4,8.47,2,64,2.5,0,0,0
779.48,14.37,3,122.4,22.8,0,0,0
995.9,1.57,1,76.6,2.6,1,1,0
937.83,24.8,3,120.8,4.6,1,1,0
940.94,24.8,2,120.7,35.5,1,1,1
833.83,13.89,3,106.4,46.7,1,0,0
756.82,5.16,1,65.8,13.5,0,1,0
737.71,0.91,1,40.7,5.6,0,1,0
877.35,10.63,2,89,14.2,0,0,1
626.07,19.62,2,82.9,25.8,1,0,0
989.19,32.52,3,142.5,4.5,1,0,1
676.97,17.69,3,96.2,17.6,0,0,0
916.7,10.71,3,96.8,19.3,1,0,0
1015.95,7.29,2,88.8,6.1,0,1,1
667.03,5.66,1,45.3,7.4,1,0,0
888.24,14.12,2,78.6,3.7,1,0,1
1355.39,5.36,4,137.3,30.6,1,0,1
1000.5,2.11,2,74.2,9.5,1,0,0
1270.75,1.61,3,102.4,9,0,0,1
941.61,13.97,4,148.9,57.7,0,1,0
914.9,7.25,3,112.6,20.9,0,0,0
862.62,11.96,2,65.9,18.4,0,1,1
843.56,4.33,2,67.7,23,0,0,0
785.9,29.69,2,94.3,15.5,1,1,0
893.91,11.6,4,114.4,24.7,0,0,0
970.61,13.29,4,116.2,11,0,0,0
695.86,34.88,3,124,2,0,0,0
797.53,15.63,2,93.6,9.5,0,1,0
1044.99,3.42,2,96.5,5,0,0,1
964.18,2.17,2,67.3,19.8,0,0,1
946.22,26.83,4,139.3,5.2,1,1,0
669.79,17.48,2,91.3,2.9,0,0,0
763.42,34.39,4,132.3,0.9,0,0,0
592.56,6.58,1,55.7,14.9,0,0,0
917.7,18.55,2,100.8,20.8,1,0,1
897.83,6.01,2,64.9,10.1,0,0,1
661.1,1.54,1,35,47.9,1,0,0
573.87,10.81,1,59.1,34.6,0,0,0
1037.89,13.49,3,82.7,4.5,1,0,1
931.28,2.86,1,64.8,26.7,1,0,1
823.22,15.84,3,86.8,24.1,0,1,0
653.5,13.13,2,64.4,3.2,0,0,0
556.76,20.29,1,60.4,41.6,1,1,0
654.1,28.27,3,120.6,41.9,0,0,0
753.99,9.01,2,73.7,10.6,0,0,0
1284.77,3.39,3,108.5,12.8,1,0,1
673.4,30.66,3,119.6,9.8,0,0,0
999.09,5.77,1,66.1,13,1,1,1
1179.42,10.76,3,110.6,20.9,1,0,1
1056.24,24.22,4,160.9,11.6,1,1,0
711.47,8.68,2,70.1,24.9,0,0,0
837.67,1.96,1,35,51.8,1,0,1
854.61,10.95,1,59.9,20.1,1,0,1
681.05,25.65,2,95.7,34.9,0,0,1
838.48,10.84,3,98.1,22.3,0,0,0
778.57,32.19,3,118.7,18,0,0,1
706.77,36.73,4,156.8,7.6,0,0,0
891.52,14.21,3,111.7,8.7,1,0,0
796.65,2.58,1,54.6,32.2,0,0,1
679.92,13.11,2,47.2,22.7,0,1,0
551.9,13.8,1,71.9,19.2,0,0,0
667.74,16.28,3,89.7,53.8,0,0,0
687.29,10.82,1,59.1,45.4,0,0,1
909.27,29.99,3,99.1,8.7,1,1,0
635.4,13.62,1,77.8,2.5,0,1,0
877.27,0.72,1,55,6.6,1,0,1
415.37,24.22,1,76.4,3.4,0,0,0
1285.54,4.39,4,95.5,14.1,1,0,1
844.8,6.67,2,69.8,25.2,1,0,1
545.77,22.52,2,76.1,27.8,0,0,0
1043.16,3.05,2,60.1,8.8,0,1,1
928.36,3.86,2,73.8,3,1,0,0
595.92,40,2,110.4,37.6,1,0,0
896.65,13.02,2,63.8,23.2,1,0,1
723.32,26.8,4,132.4,17.1,0,0,0
868.85,11.01,3,120.6,39.6,0,0,0
704.86,10.83,1,47.2,8.5,1,0,1
1033.83,12.1,3,85.1,12,1,0,1
792,12.93,2,90.3,52.3,0,1,0
925.8,2.67,2,75.5,12.7,0,1,0
542.63,18.63,2,87.3,27.5,0,0,0
875.43,4.98,1,60.2,14.3,1,0,1
841.59,2.89,2,84.9,10.8,0,0,0
1049.37,2.91,2,83.8,6.2,1,1,0
622.9,14.32,1,79.2,10,1,0,0
558.1,40,3,108.5,7.8,0,0,0
927.93,22.7,4,127.4,13,1,0,0
609.88,17.3,3,81.8,30.4,0,0,0
863.26,6.22,1,74.1,19.4,1,1,0
806.15,2.21,1,35,20.1,0,1,1
888.84,20.81,3,106.6,9.2,1,0,0
703.01,3.16,1,40.1,4.5,1,0,0
1040.63,2.6,2,79.8,32.9,0,1,1
726.02,6.12,1,52.6,16,0,1,0
766.8,8.13,1,68.3,16.9,0,0,1
797.4,3.54,1,35.8,24.2,0,1,1
618,15.37,1,65.9,47,1,1,0
631.02,20.44,1,83.1,44,0,0,1
1278.44,12.32,5,158.8,12.1,1,1,0
829.26,24.3,3,134.5,15.1,0,0,1
917.96,27.74,5,158.6,21.9,0,0,0
975.06,15.59,3,108.5,4.2,0,1,0
1032.45,4.62,2,69.8,15.9,1,0,1
1070.42,14.92,3,109.8,18.2,1,0,1
804.54,20.86,4,125.2,60.9,0,0,0
707.83,40,3,114.2,24.6,1,0,0
782.51,16.69,3,85.8,18.5,0,1,0
1078.14,17.59,3,114.5,15.5,0,1,1
909.41,4.39,1,49.4,2.6,1,1,1
1122.65,3.24,3,89,11.8,1,1,0
703.09,8.89,1,38.9,36,1,1,1
912.45,20.69,4,138.5,20.9,1,0,0
873.6,14.97,3,102.5,16.3,1,0,0
809.04,25.68,2,110.6,13.4,1,0,0
632.57,40,3,134.2,8.2,0,0,0
867.25,2.85,1,51.6,36.6,0,1,1
746.24,22.23,3,109.9,29.8,1,0,0
1005.79,1.91,1,57.5,9.8,1,1,1
1191.33,23.88,5,137.7,16.2,1,0,1
657.72,15.91,1,80.7,16.7,0,0,1
783.79,16.1,3,103.5,21,1,0,0
961.15,6.6,2,89.5,7.4,0,0,1
746.92,20.51,2,103.9,15,1,0,0
736.14,16.3,3,112,21.8,0,0,0
584.74,6.65,1,41.9,15.7,0,0,0
1179.18,1.66,3,75.9,21.1,0,1,1
1017.05,4.61,1,67.8,6.5,1,0,1
1067.87,12.99,3,111.9,25.7,1,0,1
995,5.79,2,88.4,25.8,0,0,1
814.63,11.71,3,87.6,51.8,1,0,0
745.13,18.29,2,78.3,13.4,0,0,1
792.41,13.36,2,53.7,17.3,0,0,1
1058.62,13,3,120,2.9,0,0,1
997.67,10.12,4,136.4,4.1,0,0,0
962.25,11.71,4,111.9,34.1,1,0,0
486.7,11.51,1,35,19.6,1,0,0
1046.99,4.24,2,61.1,15.6,1,1,1
683.72,5.77,1,57.4,30,0,0,0
902.58,11.34,3,101.8,12.1,1,0,0
823.26,10.04,1,52.1,27.4,1,1,1
648.75,10.49,1,73.8,15.8,0,0,0
782.12,28.87,3,131.7,20.7,1,0,0
518.49,25.74,2,72,17.6,0,0,0
949.33,4.62,2,73.3,9.4,1,1,0
668,12.26,1,80.6,12.8,0,0,0
650.01,15.23,2,89.9,6,0,0,0
554.96,36.34,2,114.8,6.7,0,0,0
1037.67,22.66,5,147.7,41.4,1,0,0
703.09,11.56,2,99.8,14,0,0,0
718.78,4.56,1,35,20.3,0,1,0
965.69,10.05,3,98.1,4.4,0,0,1
701.32,34,3,103.4,19.9,0,1,0
1210.89,7.93,5,130,10.1,1,0,0
1075.35,3.59,2,95.9,29.2,0,1,1
778.99,9.79,1,50.3,14.9,0,0,1
478.21,29.93,2,90.4,7.5,0,0,0
1423.22,1.39,3,111.8,7.8,1,1,1
881.05,2.41,1,38.7,23.1,1,1,1
883.98,9.62,2,98,13,1,0,0
803.37,27.16,2,108.8,7.7,1,1,0
1061.44,9.01,2,70.6,2.3,1,1,1
826.69,13.95,3,87.5,10.9,0,0,0
671.9,14.8,3,86.5,30.6,0,0,0
650.69,9.48,2,58.6,10.3,0,0,0
762.19,24.26,3,117.4,5.1,0,0,0
708.47,13.77,3,91.9,2.5,0,0,0
937.85,7.4,2,60.2,30.1,1,1,1
812.7,5.85,1,76.9,8.5,1,1,0
930.88,19.67,3,92.4,22.8,1,0,1
679.28,19.83,3,110.8,18.3,0,0,0
1028.93,11.52,2,72.6,7.5,1,1,1
821.75,23.76,3,99.9,13.4,1,0,0
861.45,8.17,2,71.1,23,0,0,1
694.5,5.19,2,54.4,24.3,0,0,0
648.64,10.93,1,43,15.4,1,0,1
989.87,25.39,5,152.5,61.9,1,0,0
991.1,14.02,3,104.8,42.2,1,0,1
875.54,14.74,3,126,21.2,0,1,0
847.24,3.23,1,80.4,25.7,0,0,0
1086.93,3.02,3,106.1,9.8,0,0,0
946.56,14.06,3,113.1,5.5,0,1,0
1075.77,11.52,3,97.9,19.2,1,0,1
853.03,1.99,1,59.5,10.1,0,0,1
500.02,26.45,2,75.3,10.6,0,0,0
718.31,19.39,3,116.1,9.1,0,0,0
751.7,12.25,1,60.5,21.6,1,0,1
846.64,21.54,3,124.2,1.5,0,1,0
1063.66,9.95,3,90.2,30.8,1,0,1
730.26,1.45,1,48.5,75.4,0,1,0
800.55,1.92,1,41.7,31.2,0,0,1
1124.16,1.09,2,66.5,20.9,0,1,1
1054.44,8.74,3,86.9,20.3,1,0,1
674.17,26.46,3,126.4,10.7,0,0,0
691.17,13.99,2,68.7,7.6,1,0,0
1249.83,6.08,3,111.1,28.6,1,1,1
904.01,2.32,1,54.8,7.9,1,1,1
901.32,12.14,2,103.3,41.1,1,1,0
1006.03,7.55,2,87.8,24.5,1,0,1
696.01,18.9,3,93,6.4,0,0,0
729.79,24.07,4,116.8,11.2,0,0,0
788.1,6.01,1,53,14.3,0,0,1
907.87,13.9,2,104.1,30.5,1,1,0
1083.94,4.46,2,76.7,14.5,0,1,1
736.27,12,1,56.8,12.1,1,0,1
731.41,12.16,3,85.6,6.5,0,0,0
745.38,40,4,140.1,22.1,0,0,0
541.52,14.6,1,61.3,20,0,1,0
728.1,18.52,2,85.9,17.4,1,1,0
931.9,1.97,1,42.7,13.7,0,1,1
862.44,6.37,1,68,13.4,0,1,1
825.2,9.36,1,62.4,23.5,1,1,1
939.17,20.62,3,121.9,0.5,1,1,0
725.27,11.46,1,58.8,28.9,1,0,1
592.79,26.88,3,117.5,13.2,0,0,0
693.68,13.48,2,80.3,21.8,0,0,0
630.82,34.93,3,129,34.1,0,0,0
876.09,34.19,5,173.2,7.5,0,0,0
893.48,8.78,2,80.8,40.6,1,0,1
966.36,30.93,4,172.7,23,0,1,0
929.83,19.56,4,131.3,11.2,1,0,0
957.43,5.28,1,59.2,14.8,1,0,1
932.34,2.03,2,76.7,3.5,1,0,0
1069.57,3.25,2,87.8,28.6,1,0,1
814.88,3.12,1,47.9,21.7,1,0,1
923.42,1.19,2,52,17.3,0,1,0
1003.06,3.58,1,60.9,20.4,1,0,1
1050.82,15.42,3,121.9,21.5,0,1,1
240.18,34.96,1,64,32.1,0,0,0
1054.62,12,2,91.7,14.2,1,1,1
492.05,16.01,1,46.9,15,1,0,0
1073.28,11.99,5,159.6,18.8,0,0,0
1017.72,3.83,2,87.8,21.2,1,0,1
998.69,14.3,3,96.4,8.2,1,0,1
1092.97,6.03,4,106.3,18.4,0,1,0
1286.55,2.63,3,122.1,24.6,1,0,1
656.52,11.73,1,75.2,8.6,0,1,0
1173.01,4.4,3,83.9,10.6,1,0,1
762.55,17.32,3,130.4,50.9,0,0,0
744.94,10.27,2,65.9,43.8,0,0,1
382.51,36.69,2,88.6,10.4,0,0,0
734.81,25.52,3,103.3,36.8,1,0,0
778.52,26.97,4,136.7,17.1,0,0,0
503.18,27.82,2,86.8,19.2,0,0,0
810.64,15.86,2,69.1,13.3,1,1,0
832.61,15.13,2,86.4,19.5,0,0,1
656.11,22.41,2,84.2,27,1,0,0
978.21,11.21,4,113.9,20.1,0,0,0
1240.81,3.25,3,77.5,7.4,0,1,1
645.47,23.02,3,119.6,31.2,0,0,0
968.5,12.2,3,108.8,21.5,0,0,1
602.25,35.69,2,97.7,9.6,1,0,0
1082.53,9.65,3,93,34.5,1,0,1
1241.02,3,3,88.1,0.9,0,0,1
688.18,5.06,1,47.5,21.8,1,0,0
1250.47,2.22,3,89,7.7,1,0,1
689.28,19.75,2,91.5,49.9,0,0,0
603.25,18.13,2,85,5,0,0,0
1233.71,12.73,3,117.7,33.3,1,1,1
1181.93,4.34,3,91.8,14.3,1,0,1
540.08,20.92,2,75.5,5.3,0,1,0
1268.43,8.09,3,103.9,20.1,1,1,1
957.51,13.47,4,129.4,4.7,0,0,0
924.22,3.7,2,69,32.2,0,1,0
802.43,22.13,3,103.9,22,0,0,1
550.2,8.56,1,35,38.4,0,0,1
984.12,3.56,2,81,27.5,0,0,1
790.93,21.03,4,125,20.6,0,0,0
965.86,5.39,2,112.3,9.3,1,0,0
744.47,17.06,3,82.7,7.3,0,1,0
823.42,3.28,1,36.1,5.6,1,0,1
503.62,18.85,1,58,29.1,1,0,0
600.34,15.28,1,55.3,44,1,0,0
1103,15.43,4,117.7,3.7,1,0,1
1057.93,21.57,4,113.7,7.2,1,1,0
1029.69,10.2,3,116.3,14.1,0,1,0
856.18,1.57,1,45.6,10,1,0,1
452.79,36.71,2,90.2,16,0,0,0
895.73,11.65,3,93.7,22.6,1,0,0
499.65,29.99,2,77.2,34,0,1,0
603.28,12.37,2,77.2,40.1,0,0,0
1268.71,4.25,3,123,20.3,1,0,1
926.59,12.39,4,141.3,37.5,0,0,0
671.76,6.26,1,66.6,35.3,1,0,0
1120.09,1.58,2,103.8,9.3,0,0,1
446.12,19.31,1,46.5,44.8,0,0,1
1237.27,1.24,2,75.3,3.2,1,1,1
926.46,2.31,2,53.5,44.3,1,0,1
1134.37,8.19,3,91,32.4,0,1,1
1085.85,11.14,3,101,9.8,0,0,1
950.67,3.39,1,61.8,9.2,0,1,1
526.61,19.82,1,61.2,22,0,1,0
648.13,16.27,2,80.1,11.3,0,0,0
1227.53,9.89,4,117.4,30.5,0,0,1
812.22,5.29,2,65.7,24.3,1,0,0
607.13,15.72,2,71.7,6,0,0,0
730.86,9.02,2,68.9,11.7,1,0,0
927.52,4.63,3,95.4,14.3,0,0,0
1171.07,6.52,2,70.6,1.5,1,1,1
1063.56,23.45,4,112.7,8.4,1,1,0
826.45,10.3,3,95.9,25.9,1,0,0
788.77,5.63,1,64,33.5,1,0,1
785.24,5.19,1,43.3,7.5,1,0,1
792.11,3.32,1,42.4,31.2,1,1,1
751.17,6.71,1,46.5,12.5,0,0,1
732.02,8.79,1,47.2,20.4,1,1,1
962.39,15.44,2,91.7,11.7,1,0,1
848.8,1.08,1,52.1,33.6,1,0,1
869.23,27.89,2,116.7,17.3,1,0,1
1123.46,9.28,3,101.1,19.8,1,0,1
480.42,28.67,1,88.4,56.4,1,0,0
1061.81,9.33,2,76.9,14.5,1,1,1
598.02,11.12,1,52.6,24.1,1,1,0
1156.5,3.89,3,98,71.9,1,0,1
1015.05,4.69,2,88.5,28.5,0,1,1
1124.06,1.69,2,52.3,18.3,1,1,1
1077.45,6.29,4,108.8,31.9,1,0,0
934.65,12.19,2,79.8,23.2,1,0,1
767.7,18.54,2,85.2,22,1,1,0
763.27,31.21,4,145,11.2,0,0,0
1050.89,7.31,2,69.7,16.9,1,1,1
660.93,25.43,3,118.6,21.4,0,0,0
1024.16,15.84,3,105.1,25.9,1,0,1
653.47,5.69,1,35,38,0,1,1
842.8,9.3,2,89.5,15.9,1,0,0
786.38,10.01,2,68.1,100,1,0,1
717.25,10.89,2,72,2.5,0,0,0
830.36,2.97,1,62.3,13.2,0,0,1
1027.89,11.94,2,87.2,1.6,1,1,1
791.61,6.51,1,55.7,28.4,1,1,0
1393.23,13.58,4,119.6,4,1,1,1
1366.48,3.21,4,130.1,10.9,1,0,1
1399.54,6.63,4,111.8,45.8,1,1,1
1264.54,24.3,4,126.3,17.9,1,1,1
566.23,13.1,2,60.4,10,0,0,0
771.16,2.04,1,35,40.8,0,0,1
784.51,3.01,1,52.4,17.1,1,0,0
744.56,40,2,111.4,8.5,1,0,0
1005.42,30.83,5,171.7,36.1,1,0,0
822.99,10.8,2,68.6,10.9,1,0,0
509.62,17.52,1,54.1,4.4,0,0,0
976.46,1.9,2,72.1,26.3,1,0,1
739.7,33.96,2,119.8,10.6,0,0,1
715.57,2.79,1,40.1,15.9,0,1,0
575.52,13.83,2,77.1,20.1,0,0,0
1105.99,11.24,5,146.1,25,1,0,0
1031.99,12.93,2,81.5,12.7,1,1,1
832.35,9.31,2,75.7,3.8,0,0,0
665.91,10.02,2,51.2,30.2,1,0,0
1044.01,3.28,2,68,10.8,0,0,1
995.77,5.71,3,88,35.7,1,0,0
677.34,8.45,1,57.7,7.6,0,1,0
682.28,1.42,1,40.1,55.6,0,0,0
962.2,33.88,4,128.1,17.1,1,1,0
1121.2,1.37,2,83.1,11.6,1,0,1
567.78,21.22,2,93,21.3,0,0,0
893.78,2.01,1,42.1,36.5,1,0,1
583.24,16.48,2,81.7,15.5,0,0,0
629.5,9.61,1,78.7,45.1,1,0,0
730.56,5.3,1,53.1,26.1,0,1,0
709.59,18.38,3,89.3,8.9,0,0,0
1080.22,1.67,3,85,55.4,1,0,1
804.05,22.49,3,109.7,2.8,0,0,0
890.25,8.94,2,73.8,19.2,1,1,0
1068.28,28.17,4,140.5,5,1,1,0
1142.91,1.73,2,68.2,17.4,1,0,1
620,13.21,2,62.2,23.3,0,0,0
981.38,3.27,3,87.6,48.1,1,0,0
576.62,27.84,2,69.5,22.2,1,0,0
1037.23,25.22,3,133.5,10.1,1,0,1
1077.8,14.25,4,121,8.9,0,0,1
1191.84,10.44,4,104.1,14.8,1,0,1
927.4,25.45,2,117,13.6,0,1,1
1206.66,2.56,3,104.7,18.8,0,1,0
504.91,12.44,1,52.8,5.1,0,0,0
1139.33,16.02,3,109.1,14.1,1,1,1
753.22,25.57,4,108,35.3,0,0,0
1003.39,5.63,1,67.8,4.7,1,1,1
1054.99,10.42,2,66.1,5.4,1,1,1
592.25,13.4,1,54,12.3,1,0,0
582.8,11.25,1,54.5,23,1,0,0
842.25,4.26,1,53.7,8.6,0,1,1
672.21,25.14,2,91.4,23.3,0,0,1
1102.55,9.96,3,74.3,6.1,0,1,1
563.88,16.05,1,50.6,21,1,0,0
617.88,20.39,3,107.3,57.2,0,0,0
543.49,13.44,1,43.6,28.4,0,0,1
537.55,16.53,2,69.2,3.2,0,0,0
519.14,27.03,2,82,15.5,0,0,0
1153,8.54,2,96.5,2.4,0,1,1
502.92,19.03,1,66.1,26.3,0,0,0
828.42,23.91,2,96.7,26.1,1,0,1
942.94,13.67,4,124.3,20,0,0,0
985.92,10.07,4,115.9,9.7,0,0,0
767.86,8.61,1,43.8,2,0,1,1
907.48,2.71,1,51.1,24.9,1,0,1
906.66,14.81,2,98.5,12.4,1,0,1
662.69,22.81,3,101.8,22.3,0,0,0
694.06,40,4,148.8,0.9,0,0,0
896.98,3.01,2,44.2,36.9,1,0,1
749.77,12.78,3,94.7,7.4,0,0,0
620.26,12.98,2,63.9,37.2,0,1,0
1147.7,2.61,4,110.2,6.8,0,0,0
1115.71,3.59,3,85.5,8.3,0,0,1
800.91,22.92,3,103.6,27.8,0,1,0
950.27,17.04,2,92.6,14.5,1,0,1
1223.78,4.73,3,92.5,11.1,1,0,1
1219.62,10.14,5,149,25.4,1,0,0
1300.58,7.84,4,127.4,13.5,1,0,1
984.12,4.08,2,68.8,6.9,0,0,1
735.78,3.84,1,42.9,17.4,1,0,0
792.09,9.05,1,48.7,12,0,1,1
720.34,15.66,2,82.7,13.5,0,0,0
813.59,31.12,4,147.3,14.9,0,0,0
764.23,4.1,2,65.1,64.5,0,0,0
578.72,25.1,1,60.4,15.5,1,1,0
671.06,24.85,1,77.7,2.5,0,1,1
716.11,6.15,1,40.5,12.3,1,1,0
886.09,10.09,3,77.9,2,0,1,0
947.14,19.81,4,155.5,6.9,0,0,0
1042.56,4.21,2,72.8,27.1,1,1,1
689.61,5.76,1,48.2,4.1,1,0,0
800.26,3.93,1,37.5,31.6,1,1,1
902.53,1.82,1,55.2,3.3,1,0,1
1188.61,9.28,3,113.1,26,1,0,1
962.93,13.28,4,122.6,16.7,1,0,0
897.57,5.89,1,65.9,10.7,1,0,1
735.49,2.57,1,35,12.7,0,1,0
820.57,3.74,2,72.2,10.1,0,0,0
494.7,40,1,76.1,11.3,1,0,0
1214.6,7.44,3,100,4,0,1,1
686.11,11.38,2,81.1,32.6,0,0,0
913.98,1.79,1,37.7,1.3,1,0,1
1211.46,3.17,2,91.2,30.4,1,1,1
954.13,2.89,2,66.8,27.3,0,0,0
1288.3,0.73,3,104.5,7,1,1,0
917.56,4.4,3,81.7,22.1,1,0,0
719.23,20.8,3,97.6,25.2,0,0,0
1070.89,22.38,5,147.7,54,0,0,1
1009.72,9.36,3,101.9,14.7,0,0,1
1048.13,1.63,2,63.5,17.2,0,1,1
709,13.8,2,85,7.3,0,0,0
901.25,15.88,3,95.7,32.5,0,0,1
825.53,5.84,1,53.2,20.6,0,1,1
585.9,22.24,3,93.5,45.3,0,0,0
705.66,9.33,2,92.9,8.8,0,0,0
911.67,4.07,2,52.8,16.9,1,0,1
812.33,28.31,5,157,20.4,0,0,0
1298.13,17.08,5,148.1,20,1,0,1
1062.45,4.33,3,96.6,14.4,0,1,0
701.88,10.71,1,67.5,62.2,1,0,1
672.36,24.2,2,98.4,16.7,0,1,0
866.03,1.18,1,38.8,49.4,1,0,1
845.37,2.4,1,55.3,2.7,0,1,0
691.66,24.64,3,104.6,9.8,0,0,0
1104.67,22.46,3,123,26.6,1,1,1
467.85,40,1,70.9,31.5,1,0,0
695.32,7.88,1,46.8,33.7,0,1,1
988.3,4.11,3,78.8,18.7,0,1,0
1004.63,4.77,2,72.7,9.7,1,0,1
1170.16,13.34,4,131.8,36.8,1,0,1
720.37,18.65,1,52.3,7.5,1,1,1
1075.77,3.29,2,77,20.2,1,0,1
1019.15,10.23,3,88.9,33.7,1,1,0
933.04,24.53,4,129.3,9.3,1,0,0
772.96,25.54,3,141,11.2,0,0,0
404.74,40,2,87.1,44.6,0,0,0
1053.58,0.99,2,76.1,26.3,0,0,1
865.98,2.46,1,47.1,10.2,1,0,1
881.29,11.25,1,73.5,10.2,1,1,1
958.22,1.71,2,55.3,12,0,0,1
959.22,6.37,2,73.6,3.4,0,0,1
1145.92,23.42,5,151.4,11.6,1,1,0
812.54,12.59,2,84.5,35.8,1,0,0
913.19,15.95,2,105.7,21.4,0,1,0
1136.12,11.11,2,97.8,14.6,1,1,1
822.91,23.53,3,116.1,18.4,1,0,0
934.06,10.83,3,93,15.9,1,0,0
885.76,31.69,5,156.7,21.8,0,0,0
903.11,14.1,2,90.9,12.2,1,1,0
849.19,10.41,2,57.9,34.8,1,0,1
673.28,20.31,2,105.5,12.1,0,0,0
1235.76,6.63,3,105.6,1.4,1,0,1
755.77,4.72,1,35,9.5,0,0,1
515.37,28.81,2,87.8,16.9,0,0,0
536.13,20,1,75.8,10,1,0,0
1205.19,5.28,3,91.4,4.1,1,0,1
840.32,7.2,1,45,13.5,1,1,1
983.55,7.11,2,72.1,1.8,1,0,1
580.31,27.72,2,103.4,29.3,0,1,0
1112.97,10.26,3,95.7,11.5,0,1,1
1075.6,13.83,5,162.3,9.6,0,0,0
801.34,17.77,3,79.4,8.3,0,1,0
455.2,12.86,1,51,14.7,0,0,0
669.55,11.65,1,68.5,7,1,0,0
1039.35,2.29,2,73.8,36.1,1,1,1
1392.48,3.33,4,115.1,4.9,1,0,1
914.23,13.89,2,86,29.1,1,0,1
951.58,17.74,3,108.7,29.8,0,0,1
777.29,12.02,2,73.4,10.2,0,1,0
972.68,2.06,3,97.6,40.6,0,0,0
829.85,13.1,2,64.1,13.4,0,0,1
778.7,19.31,4,117,5.9,0,0,0
612.83,16.05,2,67.4,3,0,0,0
941.74,3.25,1,54.7,18.8,1,1,1
1064.91,2.65,2,56.7,9.1,1,1,1
729.42,6.37,2,51.6,35,0,0,0
1183.01,4.4,4,114.5,24.6,1,0,0
1069.68,26.66,3,116.1,6.8,1,1,1
1078.48,7.85,3,129.6,16,1,1,0
1096.76,15.76,3,108.6,11.3,1,0,1
558.86,13.35,1,47.1,16.2,0,1,0
1003.95,4.47,2,81.7,13.3,0,0,1
1304.3,18.21,5,155.6,32.4,1,0,1
1187.25,17.06,4,127.7,10.3,1,0,1
1074.85,6.71,3,104.4,15.1,0,0,1
836.86,11.88,3,94.7,18.8,1,0,0
874.65,7.08,1,68.4,16.8,1,1,1
763.43,3.72,1,40.9,5,0,0,0
1032.75,2.82,1,66.7,8.5,1,1,1
874.5,9.25,2,78.9,33.2,1,0,1
1023.34,32.94,5,176.1,16.6,1,0,0
908.71,3.14,1,59.6,10.3,1,1,1
744.86,13.74,2,92.2,14.1,1,0,0
888.32,15.67,3,106.5,24.9,0,1,1
825.33,5.05,1,60.5,18.8,0,0,1
1083.68,6.62,2,66.7,31.9,1,1,1
1201.77,8.4,3,90.7,12.1,1,1,1
601.19,8.74,1,46.4,36.9,0,0,0
818.59,4.09,1,61.6,16.9,0,0,1
814.9,21.99,2,100.9,15.1,1,0,1
427.85,17.32,1,35,30.3,0,0,0
685.53,26.39,2,81.8,5.7,0,0,1
1346.62,2.44,3,97.8,5.1,1,1,1
1029.19,25.98,3,120.7,12.2,1,0,1
935.15,13.62,3,82,38.4,0,0,1
1192.24,8.66,3,90.3,19.9,1,0,1
1109.59,0.87,2,71,22,1,0,1
941.79,5.75,2,68,27.3,1,0,1
812.36,10.99,2,77.2,41.3,0,1,0
1085.96,13.9,3,118.6,15.7,0,0,1
569.7,16.79,2,64.4,4,0,0,0
1022.83,4.57,2,70.5,23.1,1,0,1
708.81,17.59,2,77.2,9.9,0,0,0
880.83,26.14,5,164.3,32.6,0,0,0
1145.26,2.66,2,65.6,8.3,1,1,1
967.75,19.22,3,104.1,3.6,0,0,1
978.63,5.89,2,74.6,5.8,1,0,1
978.05,4.33,2,70.7,22.5,1,0,1
768.69,8.21,1,75.2,5.2,1,0,0
849.18,11.5,3,110,3.1,0,0,0
773.5,6.25,1,57.6,14.1,0,0,1
989.15,16.52,3,83.4,25.6,1,0,1
486.64,34.76,2,89.5,12.6,0,0,0
792.84,1.21,1,54,9.8,1,0,0
1061.6,5.15,2,85.6,9.7,0,1,1
654.53,28.44,3,122.2,24.8,0,0,0
1023.68,8.06,5,155.4,29.2,0,0,0
858.19,0.82,1,42.8,39.9,0,0,1
878.14,5.48,1,69.8,18.9,0,1,1
1276.98,12.34,4,152.2,4.7,1,1,0
980.83,10.76,4,104.9,21.4,1,0,0
846.91,8.84,1,78.5,3.3,1,0,0
1205.05,2.66,3,86.3,18.6,1,0,1
973.01,33,5,155.6,4.5,1,0,0
728.95,21.68,3,105.3,5.8,0,0,0
855.6,27.77,5,166.9,37,0,0,0
719.59,5.07,1,41.1,25.6,0,1,1
944.65,1.65,1,58,15.4,1,0,1
772.18,13.37,2,69.6,13.4,1,1,0
861.24,5.61,1,63.8,10.3,0,0,1
1015.84,6.4,2,76.7,3,0,0,1
824.97,14.92,1,84.1,36.9,1,0,1
1181.28,7.19,3,93.8,12.8,0,1,1
1239.39,3.69,3,86.4,4.9,0,1,1
923.47,25.14,4,118.9,22,0,0,1
930.19,21.31,4,120.1,20.7,0,0,1
990.23,11.19,4,135.6,24.6,0,0,0
898.63,28.67,5,145.9,88.2,1,0,0
537.97,24.69,1,69.3,18.4,1,0,0
846.32,1.17,1,53.8,24.7,1,1,0
527.04,26.33,2,101.4,14.4,0,0,0
709.8,27.46,2,104.7,33.4,0,0,1
1074.92,5.25,3,82.4,46.8,0,0,1
855.92,10.6,2,79.3,66.8,1,0,1
756.14,32.82,4,131.4,7.1,0,0,0
884.14,17.68,3,104.9,19.6,1,0,0
949.7,6.51,2,69.9,25.2,0,0,1
803.14,19.08,2,83.9,21,1,0,1
571.47,3.39,1,47.6,49.1,0,0,0
828.5,5.58,1,50.6,1.9,0,0,1
912.72,10.28,2,64.9,9.4,0,0,1
710.98,25.34,3,103,37.3,1,0,0
778.32,12.4,2,63,36,1,0,1
855.14,3.36,2,60.7,25.6,0,1,0
602.16,14.94,2,70.2,5,0,0,0
899.18,3.19,1,56.1,6.7,0,1,1
1182.58,14.27,5,168.5,11.2,0,1,0
1029.94,24.37,5,143.9,13.7,0,1,0
928.79,4.09,2,70.6,20,1,0,0
786.64,25.78,3,115.5,9.4,0,0,1
827.6,3.25,1,50.3,19.1,1,0,1
1244.6,1.21,3,86.1,39.1,1,1,1
932.32,26.03,4,135.1,13,0,1,0
801.22,30.34,4,149.2,11.8,0,0,0
559.49,14.33,2,53.7,5.9,0,0,0
384.34,37.25,1,89.3,37.2,0,0,0
1432.64,7.77,5,140.8,23.8,1,0,1
729.31,29.17,4,156.8,8.8,0,0,0
695.37,10.99,2,60,21.5,0,1,0
779.07,14.38,1,72.5,9,1,0,1
1130.46,7.25,3,97.2,14.7,0,0,1
852.32,2.49,1,35,30.1,1,1,1
738.52,13.65,2,79.8,13.7,0,0,0
945.12,13.32,2,85,6.6,0,1,1
1018.87,10,2,93.8,8.2,1,0,1
1035.46,1.73,3,91.9,12.1,0,1,0
782.26,8.68,1,71.7,17,1,0,1
858.76,32.4,5,150.7,7.9,0,0,0
657.48,22.85,1,73.3,3.7,1,0,0
855.46,5.31,2,90.1,5.4,0,0,0
1096.55,9.69,3,104.4,10.8,0,0,1
1094.4,6.97,3,94.4,2.2,0,0,1
677.38,2.63,1,49.3,40.6,0,0,0
901.63,1.1,2,39.9,19.9,1,0,1
895.68,13.38,3,97.5,48.4,0,0,1
990.46,34.47,3,126.7,10.5,1,0,1
1022.45,3.4,1,63.9,25,1,1,1
633.7,25.84,3,99.8,26.6,0,0,0
846.1,16.16,3,93.7,12.9,1,0,0
688.52,40,3,129.4,11.4,0,0,0
886.89,15.32,5,126,18,0,0,0
1013.62,3.06,2,69.3,7.7,1,0,1
1093.39,12.27,3,84.3,24.4,1,1,1
860.64,4.65,2,72.8,12.9,0,0,0
972.07,3.83,1,60.2,17.5,1,1,1
542.34,40,2,94.3,42.9,0,1,0
1012.9,6.84,2,60.9,52.6,1,1,1
695.56,8.28,2,59,33.2,0,0,0
937.81,8.33,2,80.6,3.7,0,0,1
959.04,3.88,1,48.1,17.6,1,1,1
818.32,6.61,2,61,25.6,0,1,0
1123.79,2.47,3,103.9,11.7,0,1,0
1110.36,4.27,2,84.5,11.6,1,0,1
493.91,23.88,1,92.8,22.3,0,0,0
871.47,13.78,4,105.8,21.3,1,0,0
1014.99,4.85,2,66.2,2.9,0,1,1
937.41,3.08,1,48.9,5.9,1,1,1
627.31,25.98,2,89.7,9.4,1,0,0
898.78,2.29,1,56.1,16.4,1,0,1
903.54,2.92,1,57.8,31.2,1,0,1
535.02,27.85,2,77.7,14.7,1,0,0
797.83,11.42,3,107.1,21.3,0,0,0
1386.73,2.43,4,116,12.1,0,0,1
772.69,32.44,2,94.9,29.8,1,0,1
1131.04,24.58,4,130.8,6.6,1,0,1
587.42,8.97,1,57.2,34.7,0,1,0
864.15,8.62,3,85,16.1,0,0,0
791,14.3,2,87.4,7.9,0,1,0
936.55,1.15,2,75.8,42.4,1,0,1
848.06,10.38,2,73.8,7,1,1,0
908.3,6.32,1,65.1,26.8,1,0,1
799.97,35.29,2,104.9,9.9,1,0,1
567.12,16.29,1,45.3,18.3,1,1,0
688.86,8.02,1,35,17.8,1,0,1
1102.4,20.28,4,128.7,22.5,1,0,1
1124.71,5.26,2,87,12.5,0,1,1
510.18,26.02,2,83.7,19.1,0,0,0
850.78,13.19,3,89.2,21.9,0,1,0
558.28,12.08,2,75.5,29.2,0,0,0
1212.45,8.07,3,104.5,5,1,0,1
731.44,8.59,2,69.2,61.6,1,1,0
781.07,2.68,1,37.3,8.5,0,1,0
1104.61,5.99,2,82.5,15.7,0,1,1
1050.96,16.65,5,141,11.8,1,0,0
1123.6,4.76,3,100.5,12.6,0,1,0
956.58,14.31,2,90.8,3.3,1,0,1
421.95,10.82,1,47.3,12.1,0,0,0
948.82,3.49,1,65.5,5.7,1,0,1
707.4,7.16,1,56,18,1,0,0
987.96,11.04,2,95.5,9.5,1,0,1
1031.1,5.93,2,59.8,8.9,1,1,1
1384.91,3.4,3,106.3,11.7,1,1,1
795.65,14.63,3,123.6,15.1,0,0,0
759.25,5.09,1,42.6,36.2,1,0,1
556.12,31.68,3,110.3,10.3,0,0,0
940.31,12.82,3,91.1,25,0,1,0
815.81,7.28,1,35,3.9,0,1,1
887.59,22.17,3,117.1,8.1,1,0,0
1274.04,9.57,4,114.2,39.9,1,0,1
929.16,10.76,2,76.5,23.5,1,0,1
1108.61,3.8,2,91.2,10,1,0,1
825.81,11.29,3,90.1,24.1,1,0,0
571.4,9.53,1,37,18.2,0,1,0
899.21,2.13,1,53.9,2.5,0,1,1
590.26,24.61,2,80.6,24.5,0,0,0
859.67,2.92,1,58.6,5,0,1,1
600.24,14.45,1,63.2,17,1,0,0
1024.07,6.69,4,126.1,43.3,1,0,0
769.65,3.33,2,45.1,37.4,1,0,0
771.56,22.25,4,129,8.8,0,0,0
1391.7,3.98,4,134.4,20.5,1,0,1
801.81,31.57,4,124.1,16.8,0,1,0
610.97,21.41,2,84.1,45.8,0,1,0
645.16,15.32,2,70.3,12.7,0,0,0
447.34,18.76,1,48.5,1.7,0,0,0
411.9,37.41,1,88.6,7,0,0,0
797.45,20.07,3,106.9,12.2,1,0,0
988.28,40,5,179.3,10.7,1,0,0
586.82,25.4,2,93.1,13.6,0,1,0
665.12,4.46,1,50.2,34,0,1,0
885.65,1.45,1,37.6,7.4,1,0,1
819.25,24.74,2,80.5,8.5,0,1,1
898.26,2.67,2,65.2,17.5,0,1,0
764.79,23.66,2,89.3,7.4,0,0,1
519.17,37.85,2,108.3,39.6,0,0,0
954.23,11.8,4,121.8,11.2,0,0,0
894.37,10.29,3,90.5,17.5,1,0,0
1464.75,2.27,3,102.7,9.5,1,1,1
878.7,19.04,3,80.7,7.5,0,0,1
803.72,22.77,3,111.6,11.7,1,0,0
815.81,15.24,2,75.2,2,0,1,0
713.27,13.88,2,77,66.1,1,0,1
822.3,21.41,3,126,11.9,1,0,0
877.42,24.4,3,120.8,1.6,1,0,0
812.79,10.9,3,115.5,3.9,0,0,0
418.81,23.76,1,53.9,33,0,1,0
595.7,3.51,1,55.1,33.6,0,0,0
743.7,10.78,1,59.6,21.1,1,0,1
1090.15,3.05,2,64.2,6.8,1,0,1
659.01,20.5,2,88.1,9.6,0,0,0
1005.81,10.21,3,90,3.3,0,1,0
1294.39,0.84,3,99.7,19,1,0,1
684.13,11.05,2,64.3,9,0,0,0
606.39,17.54,1,48.5,11.5,1,0,1
955.64,5.65,2,64.3,1.1,1,0,1
1084.38,5.44,2,79.6,20.4,1,0,1
604.91,35.35,3,108.9,44.7,0,0,0
1388.66,9.78,5,145.9,7.5,0,0,1
920.08,20.19,4,129,6.1,0,0,0
1030.59,3.64,2,56.4,18.5,1,1,1
598.27,25.52,2,91.1,27.7,0,1,0
992.43,3.16,2,62.7,28.7,1,0,1
474.25,11.77,1,49.2,22.7,0,0,0
734.09,12.33,2,66.4,27.1,0,1,0
825.47,13.61,2,122.5,22.5,0,1,0
975.5,12.87,2,95.4,21.8,1,1,1
608.67,8.22,1,47.9,18.2,0,0,1
1061.69,2.46,3,79.2,16.3,0,1,0
1080.2,23.03,5,143.2,5.9,0,1,0
697.03,7.54,2,50.9,24.5,0,0,0
1080.15,15.98,5,153.5,11.5,1,0,0
601.44,17.95,2,86.4,20.8,0,0,0
1081.42,7.64,2,86.5,8.9,1,1,1
815.79,2.84,1,39.2,39.1,1,0,1
659.46,20.6,2,80.7,56.5,1,0,1
680.19,25.59,2,89.7,6.4,0,1,0
977.8,18.17,3,131.7,9.2,0,0,1
596.24,37.51,2,94.9,6.4,0,1,0
699.83,16.07,3,90.2,7.6,0,0,0
1182.67,3.96,3,100,1.8,1,0,1
952.06,2.92,2,75.6,4.5,1,1,0
738.79,14.09,2,74.5,27.3,0,0,1
1182.27,3.1,3,101.8,27.9,1,0,1
772.21,2.95,2,58.3,27.2,0,0,0
886.79,8.13,2,69.9,12.1,0,0,1
941.22,15.93,3,131.3,15.4,1,0,0
829.03,6.7,1,35.2,46.4,1,1,1
1161.47,4.57,3,104.4,7.7,1,0,1
440.24,25.61,2,73.4,22,0,0,0
891.46,17.26,3,96.8,35.9,0,0,1
1052.62,1.22,1,63.4,7.7,1,1,1
822.94,12.09,3,98.4,19.5,0,0,0
881.04,3.2,1,60.9,39.1,1,0,1
1065.62,15.44,4,130.7,15.1,0,0,1
1063.43,4.41,3,86,10.4,0,0,1
911,1.87,1,35,17.8,1,0,1
1067.7,4.59,2,73.8,3.5,1,0,1
959.04,3.85,2,77.1,5.7,0,1,0
1286.2,1.68,3,99.1,21.6,1,0,1
766.63,39.39,4,151.8,5.1,0,0,0
866.78,16.47,2,85.9,10.4,1,1,0
1177.28,12.58,5,141.4,12.9,1,0,0
1227.75,3.36,2,80.4,1.7,1,1,1
696.3,26.67,3,111.7,4.7,0,0,0
668.19,13.11,2,72.2,32.6,0,1,0
1220.46,4.44,3,100.4,8,1,0,1
617.1,19.24,2,77.4,22.3,0,0,0
704.83,33.12,4,151,22.7,0,0,0
783.74,28.98,3,115.6,9.4,1,0,0
1247.39,3.1,3,90.3,17.9,1,0,1
958.33,9.22,2,79.9,14.7,1,0,1
1299.87,26.46,5,160.8,10.1,1,0,1
1103.07,5.53,3,80.2,15.6,0,0,1
880.21,12.89,2,81.9,36.5,1,0,1
652.15,5.8,1,35,19.9,1,0,0
1066.24,1.98,2,78.6,14.4,0,0,1
825.39,24.22,4,106.4,15.2,0,1,0
556.56,15.56,1,53.5,4.4,0,1,0
851.61,5.39,1,43.4,18.7,1,1,1
973.91,1.68,2,75.6,33.1,1,0,1
596.13,24.24,2,82.4,25.5,0,1,0
1110.95,7.07,3,89.1,14.5,1,0,1
839.97,22.43,5,146.8,26.3,0,0,0
910.08,15.95,4,125.9,2.4,0,0,0
1089.27,8.77,3,94.9,19.1,1,0,1
966.55,7.53,2,81.5,12.8,0,0,1
808.37,6.69,2,62.1,26,0,0,1
621.39,34.29,2,87,12.6,0,1,0
1010.2,3.54,2,60.4,9.7,1,0,1
1400.08,10.4,4,123.2,11.7,1,0,1
763.26,16.07,3,87.2,14.4,0,1,0
636.74,12.64,1,53.8,15.3,1,0,0
738.5,16.71,2,66.9,26.9,1,0,1
732.18,15.07,2,98.3,7.2,1,0,0
793.54,20.39,3,96.9,19,1,0,0
735.68,34.59,4,154.4,29.6,0,0,0
1133.77,7.76,4,105.8,30,1,1,0
927.2,29.94,5,162.7,9.3,0,0,0
749.26,18.31,3,98.4,9.4,0,0,0
799.85,23.84,4,113.2,26.5,0,0,0
811.9,8.01,1,69,16.4,1,0,1
668.48,5.55,1,42.8,9.3,0,0,0
506.83,26.21,1,80.4,10.1,0,1,0
842.05,33.5,4,130,4.5,1,0,0
481.57,14.82,1,45.9,10.9,0,0,0
646.53,4.19,1,35,2.8,1,0,0
868.53,5.16,2,87.2,9.2,0,0,0
821.6,38.56,5,168.5,12.1,0,0,0
1063.96,2.14,2,69.3,26.4,1,0,1
1104.66,13.55,3,101.3,4.6,1,1,0
1058.04,9.35,3,104.7,37.6,0,0,1
731.54,26.65,4,139.4,10.1,0,0,0
935.43,26.1,3,119.2,10.5,0,0,1
694.47,10.86,3,96.1,47,0,0,0
906.52,7,1,59.2,21.1,1,0,1
917.04,11.21,4,116,20.7,0,0,0
1626.87,2.8,5,136.9,6.6,0,1,1
861.24,12.84,2,91.1,22.6,0,0,1
874.38,18.06,2,82.3,6.8,1,0,1
925.33,4.29,1,46.8,8,1,1,1
973.91,3.5,2,68.9,53.5,1,0,1
714.47,14.21,2,74.4,16.5,0,1,0
820.58,11.35,3,96.3,7,0,0,0
735.18,9.72,1,68.4,26.9,0,0,1
1248.96,3.08,3,106.7,22.6,0,1,1
896.96,13.66,3,114.4,45.8,0,1,0
634.84,10.89,1,62.5,69.7,0,0,1
1108.93,4.09,3,104.1,18.7,1,0,0
1166.8,8.75,3,102,12.9,1,0,1
560.67,29.05,2,75.2,11.3,1,0,0
1151.77,2.16,3,97,11.3,1,1,0
1001.93,16.85,3,105.7,4.7,0,0,1
461.46,30.75,2,99.8,9.2,0,1,0
887.04,2.7,1,65.7,11.8,0,0,1
1029.13,4.04,1,70.6,8.5,1,1,1
683.87,25.46,2,96.3,28.7,0,0,1
1042.26,2.61,2,54.4,29.4,1,1,1
945.37,20.93,4,138.4,50.8,1,0,0
1419.53,0.84,4,109.2,6.5,0,0,1
656.34,24.47,2,78.6,6.8,1,0,0
594.72,25.21,2,75.2,38.4,0,0,1
818.74,39.44,5,165.2,23.7,0,0,0
571.39,22.88,2,110.7,26.5,0,0,0
615.21,11.5,1,58.6,6.3,1,1,0
889.95,8.98,2,102.8,20.3,1,0,0
1276.15,14.74,4,149.7,28.7,1,0,1
887.28,19.83,4,127.1,20.8,1,0,0
487.41,22.91,1,61,3.5,1,0,0
803.51,13.72,3,110.6,8.1,0,0,0
1013.82,2.55,2,66.3,17.3,0,1,1
925.5,27.53,3,127.1,14.1,1,0,1
551.23,24.12,2,93,15.6,0,0,0
1042.36,31.92,4,122.8,9.9,1,0,1
947.03,9.83,3,111.6,31.5,1,0,0
670.21,3.07,1,35,16.4,0,0,0
1402.12,2.44,4,121.5,10.1,0,0,1
914.6,15.63,3,125.4,9,1,0,0
508.11,20.46,1,61,13.4,1,0,0
938.51,13.16,3,116.6,36.8,1,0,0
1123.93,6.34,2,104.8,57.1,1,0,1
1046.89,2.2,3,86.5,25.7,1,0,0
1065.06,3.37,2,66.9,9.4,0,0,1
881.53,3.05,1,62.1,5.6,1,0,0
938.06,1.69,2,66.3,25.8,0,0,1
610.12,5.75,1,39.9,36.6,0,1,0
760.91,26.32,4,148.8,36.8,0,0,0
540.51,25.78,1,66.4,9,0,1,0
441.26,29.41,2,97.8,12.6,0,0,0
1171.45,9.04,4,122,18.9,1,0,0
875.28,1.49,1,43.7,11.5,0,1,1
692.18,10.95,1,73.1,7.2,1,0,0
747.17,25.75,3,130.1,22.1,0,0,0
578.75,24.73,2,70.9,15.2,0,0,0
689.19,33.11,4,128.4,27.3,0,0,0
530.71,11.64,1,49.7,19.6,0,1,0
935.72,11.01,4,116.2,27.3,0,0,0
665.04,13.92,1,56.9,7.2,1,0,0
1141.67,11.99,3,109.1,8.9,1,0,1
1075.46,8.87,4,133.9,38.7,1,0,0
706.58,21.03,3,111.1,34.4,0,0,0
618.34,16.98,2,88.3,22.3,0,0,0
694.47,21.6,3,97.9,12.8,0,0,0
915.31,22.49,2,85,1.5,1,1,1
1137.24,12.91,4,119.3,39.9,1,0,1
603.39,26.01,2,81.2,3.5,0,0,0
677.85,5.51,1,35.6,18.6,0,0,1
857.29,2.4,1,39,13.7,1,0,1
1211.85,2.92,3,106.8,28.2,1,0,1
827.78,11.88,1,70,10.6,1,1,1
609,27.73,2,83,16.9,1,0,0
1183.91,1.41,3,77.8,11,0,0,1
813.19,7.75,1,63.8,4.9,1,0,1
820.81,13.4,2,68.6,15.8,0,1,1
1219.65,15.2,4,132.1,3.2,1,0,1
956.9,11.44,1,71.8,23.7,1,1,1
972.56,25.04,5,135.7,21.5,0,1,0
784.55,12.1,2,78.1,13.9,0,0,1
711.3,1.93,1,44.7,6.4,0,0,0
1077.08,1.48,2,65.9,9.6,0,1,1
634.68,6.13,1,48.1,4.7,0,0,0
804.62,3.51,1,41.2,16.2,1,1,1
888.76,32.94,3,120.5,26.9,1,0,1
520.27,14.73,1,71.5,32.6,0,0,0
1003.87,7.88,2,78.9,10.1,1,1,1
714.64,11.86,1,50.9,12,1,0,1
660.19,16.48,2,86.4,29.8,0,0,0
876.64,10.32,2,68.1,19,1,0,1
697.52,6.04,1,50.2,40.7,1,0,0
1041.94,1.94,3,86.4,9.8,0,1,0
879.41,14.82,2,73.7,15.9,1,0,1
928.98,0.98,2,54.6,42.1,1,0,1
999.14,13.45,4,117,21.1,1,0,0
864.95,16.32,3,121.6,3.4,0,0,0
991.55,8.9,4,112,36.6,0,0,0
1004.13,18.83,3,110.6,21.4,1,0,1
781.52,6.47,1,59.1,3,0,1,0
1032.7,11.86,4,139.9,35,1,0,0
840.71,11.05,2,76.2,7.3,1,0,0
830.65,1.81,1,53.9,5.8,1,1,0
778.44,28.41,2,113.9,11.6,1,0,0
690.08,12.42,2,66.5,38.9,0,0,1
732.2,8.97,1,47.3,26.1,1,0,1
1055.99,8.74,2,70.5,6.4,1,1,1
695.08,15.22,2,87.8,26.5,0,1,0
1040.38,40,4,155.6,4.6,1,1,0
1025.41,4.26,2,79,6.7,1,0,1
1314.48,1.39,4,115.9,20.6,1,1,0
873.22,7,2,56.5,40.1,0,1,1
689.5,33.42,5,176.7,63.3,0,0,0
1014.21,2.48,1,58.2,11.8,1,1,1
749.56,4.19,1,48.4,12.2,1,1,0
421.23,24.26,1,62.4,26.1,0,0,0
1084.19,2.47,2,62.1,8.8,0,1,1
959.64,8.57,2,60.5,12.6,1,1,1
690.68,13.16,1,70.6,7.9,0,1,0
800.18,3.93,1,38.8,30.3,0,1,1
1042.62,10.09,3,106.3,22.6,1,1,0
931.66,2.92,1,73.4,15.1,1,0,1
1010.9,4.97,2,75,4.5,0,0,1
800.01,21.13,4,123.9,7.7,0,0,0
669.74,23.1,3,88.1,51.6,1,0,0
583.05,33.41,3,131,39.3,0,0,0
515.83,28.95,2,91.3,9.3,0,0,0
916.37,9.21,4,100,21.9,0,0,0
985.23,4.36,2,74.2,14,0,0,1
1164.05,6.27,2,91.6,6.9,1,1,1
1109.35,2.18,4,100.8,37.1,1,0,0
459.25,12.35,1,43.3,21.7,0,0,0
453.66,34.16,2,99.2,49.7,0,0,0
842.63,2.94,2,54.5,46.8,1,0,0
801.23,2.4,1,50.6,5.2,0,0,0
733.87,17.85,2,70.8,8.5,1,1,0
780.35,1.63,1,35,7.6,0,1,0
634.49,31.62,3,120.6,13.3,0,0,0
839.59,7.34,2,65.2,29.1,1,0,1
1224.19,9.7,3,124.2,26.1,1,1,1
910.19,1.21,1,35,17.2,1,1,1
717.79,13.33,2,92.6,22.8,0,0,0
727.59,16.08,2,92.5,23,1,0,0
536.37,30.77,2,90.4,13.2,0,0,0
598.04,35.68,1,90,6.5,1,0,0
719.17,28.13,2,89.8,36,1,0,1
525.37,18.41,2,83.4,32.3,0,0,0
782.53,10.59,2,83.2,2.7,0,1,0
852.87,11.8,2,77.2,36.3,1,0,1
607.78,3.27,1,35,18.6,0,0,0
855.61,10.13,3,120.6,22.6,0,0,0
737.21,9.61,2,95.5,24.5,0,0,0
1073.7,4.97,2,80.6,17,0,1,1
888.54,7.44,3,108.1,20.5,0,0,0
660.42,11.97,1,67,7.7,1,0,1
991.64,13.77,2,88,41.3,1,1,1
1102.7,14.25,3,95.5,21.5,1,0,1
639.55,18.96,1,76.9,6,0,1,0
1096.04,18.83,4,128.5,20.5,0,0,1
765.06,1.64,1,35,15.6,0,0,1
592.94,17.85,1,67.6,10.3,1,0,0
800.41,22.06,3,97.6,17.5,0,1,0
1017.45,11.95,3,101,11.1,0,0,1
812.25,3.8,2,67,29.3,0,0,0
822.94,10.93,2,75.8,12.9,0,1,0
711.71,8.47,1,35,20.9,0,1,1
953.44,18.07,2,99.7,2.5,1,1,0
707.04,16.67,3,86.6,6.5,0,0,0
481.66,16.64,1,66.3,55.5,0,0,0
532.04,15.79,1,74.3,4.6,0,0,0
497.03,21.47,1,68.4,41.7,0,1,0
1053.91,9.03,3,77.1,19.1,1,0,1
1298.47,6.42,4,105.5,17.9,1,0,1
667.84,11.35,2,75.9,29.3,0,0,0
783.23,13.64,2,71.6,27.7,0,0,1
668.72,19.6,3,93.8,13.2,0,0,0
740.43,11.04,1,61.7,6.3,0,1,1
487.95,14.53,1,62.7,35.5,0,0,0
589.23,28.23,3,104.8,12,0,0,0
848.45,25.05,3,100.8,31.6,0,0,1
487.61,21.36,2,75.2,23.1,0,0,0
749.39,7.8,1,51.6,35.5,0,0,1
749.28,2.48,1,64,10.7,0,0,0
910.55,10.27,3,92.5,8.7,0,1,0
907.34,2.44,2,66.2,19.2,0,0,1
934.58,6.73,2,60.5,19.7,0,1,1
921.06,14.11,4,138.7,13.6,0,0,0
828.76,15.82,3,106.1,14.5,0,0,0
724.9,10.79,2,75,36.1,1,0,0
886.18,20.26,4,142.9,97.6,1,0,0
936.32,1.01,2,65.3,41.1,0,0,1
1149.68,11.26,3,109.5,8.2,1,0,1
441.72,29.49,2,79.6,23.3,0,0,0
969.26,10.57,3,115.3,17.6,1,0,0
1069.11,6.81,2,62.1,5,1,1,1
940.12,22.15,4,115.7,16.1,1,0,0
554.4,27.35,3,102,32.3,0,0,0
820.17,7.91,1,57.7,30.5,0,1,1
1186.06,8.73,3,88.2,12.6,0,1,1
1042.22,3.66,2,72.3,34.9,1,0,1
801.5,5.57,2,65.4,4.8,0,0,0
1300.44,2.49,3,107.9,20.1,0,1,1
761.24,28.04,2,89.3,26.6,1,0,1
581.69,40,3,125.8,19.9,0,0,0
944.19,9.08,2,76.2,7,1,0,1
557.05,19.24,2,80.4,51.7,0,0,0
1435.51,1.39,4,120.8,11.9,0,0,1
990.99,0.68,3,87.7,10.8,1,0,0
1091.34,10.8,4,99.6,8.3,1,1,0
1306.94,3.39,3,79.1,5.7,1,1,1
613.6,33.35,3,129.5,18.2,0,0,0
816.03,2.17,1,35,19.5,0,0,1
1074.66,10.85,2,92,34.6,1,1,1
660.79,24.92,2,78.5,6.3,1,0,0
756.03,17.28,2,86.1,15.4,1,0,0
1011.89,2.52,2,62.5,27.3,0,0,1
642.09,9.14,1,57.5,51.7,1,0,0
664.45,11.07,1,74.6,6.3,0,1,0
976.15,17.48,3,115.5,20.3,1,0,1
942.61,6.67,2,75.4,18.4,1,0,1
921.39,13.16,3,107.5,16.9,0,0,1
1176.85,2.17,2,74.1,40.3,0,1,1
1155.52,2.52,3,79.4,12.5,1,0,1
894.75,2.22,1,70.6,38.4,0,0,1
1211.03,2.78,3,81.8,10.2,1,0,1
774.56,13.08,2,64.7,49.1,0,1,1
1009.4,13.44,3,92.6,17.2,0,0,1
966.94,12.52,4,134.4,21,0,0,0
484.24,35.7,2,86.6,4.6,0,0,0
612.5,13.18,2,67.9,20.5,0,0,0
1102.98,2.32,2,68.5,13.9,0,1,1
1052.43,11.38,3,97,23.5,1,0,1
821.92,4.69,1,58.1,7,0,1,0
637.42,12.47,1,53.6,21.2,1,0,0
1545.35,1.22,5,135.2,31.5,1,0,1
643.6,22.26,2,101.5,42.2,1,0,0
963.13,13.1,4,146.9,20.8,1,0,0
1204.28,13.99,3,100.7,5.9,1,1,1
863.54,28.36,3,106.1,5.7,0,0,1
278.51,24.17,1,38.5,17.3,0,0,0
595.7,14.32,2,73.7,44.2,0,0,0
738.87,10.83,1,69.4,22.7,0,0,1
350.54,30.22,2,81.8,23.5,0,0,0
857.27,37.47,3,125.2,11.4,0,0,1
1117.89,2.58,3,80.9,30.2,0,0,1
1194.95,4.61,3,86.2,8.2,1,0,1
938.03,1.96,2,80.5,12.5,0,0,0
897.08,7.11,1,57.4,12.7,0,1,1
519.46,34.39,2,111,9.3,0,1,0
844.5,4.38,1,57.6,20.5,1,0,1
1306.37,4.08,3,92.2,9.1,0,1,1
1114.7,3.42,3,75.8,8.9,0,0,1
904.47,13.67,2,83.4,9,1,1,0
643.67,14.22,2,74.3,15.7,0,0,0
931.09,3.52,1,61.8,24.5,0,0,1
605.24,7.81,1,68.6,48.4,0,0,0
901.28,3.57,1,56.1,9.2,1,0,1
888.01,1.57,1,58.1,24.4,0,0,1
771.45,8.15,2,101.2,62.8,0,0,0
421.64,30.67,1,68.6,6.5,0,1,0
826.42,14.03,3,96.8,16.4,1,0,0
1262.81,3.7,3,102.8,2.9,1,0,1
1015.01,2.38,1,57.5,7.4,0,1,1
902.86,4.21,1,67,8.4,0,1,1
1141.41,10.15,4,156.7,22,0,1,0
1050.83,11.75,3,94,46.4,1,0,1
1273.33,5.09,3,117.5,10.5,1,0,1
1038.16,11.29,2,89.6,12.9,1,1,1
1062.07,15.87,4,103.8,27.9,0,0,1
724.25,5.7,1,35,31.6,0,1,1
827.57,11.23,2,98.8,13.1,0,1,0
529.62,20.4,2,69.9,21.4,1,0,0
742.54,13.15,2,55.1,27.3,1,0,1
849.21,4.85,2,77.1,9.1,0,0,0
955.69,5.8,2,67.4,22.8,1,0,1
1165.09,2.57,2,84.3,5.7,0,1,1
643.46,33.56,4,133.9,28.6,0,0,0
461.75,30.51,2,95.2,43.4,0,0,0
1088.07,5.53,2,83.7,9.4,1,0,1
837.22,22.72,4,148,18,0,0,0
1062.83,2.13,2,50.5,9.1,1,1,1
990.77,3.04,3,85.5,44.7,1,0,0
1206.64,2.83,3,77.5,20.9,1,0,1
925.24,3.09,1,61.7,10.6,0,1,1
763.32,30.16,4,144.7,27.2,0,0,0
901.79,4.8,1,46.4,32.2,1,1,1
648.25,3.64,1,38.9,62.8,1,0,0
640.55,21.84,2,86,17.7,0,0,1
1038.01,5.55,3,116.3,14.2,1,0,0
959.19,31.84,4,141.9,27,1,1,0
948.69,21.54,5,150.2,19.7,0,0,0
534.15,38.05,2,97.7,5.2,0,0,0
806.51,16.63,2,72.7,8.5,0,0,1
740.01,15.79,1,64.5,9.5,1,0,1
1036.59,10.65,2,61.7,3.9,1,1,1
696.71,18.56,2,85.8,24.1,1,1,0
745.01,1.93,1,47.4,40.3,0,0,0
642.78,33.43,2,94.7,27.3,1,0,0
502.79,33.51,2,111,29.1,0,0,0
1092.73,30.45,3,104.6,7.1,1,1,1
871.43,2.38,2,78.7,23.6,0,0,0
465.01,18.45,1,48.6,88.3,1,0,1
1411.68,2.19,4,100.3,8.1,0,1,1
1053.16,3.4,2,88.2,37.3,1,0,1
585.03,29.42,2,95.3,4.3,0,0,0
1133.2,9.64,3,89.6,16.3,1,0,1
995.43,14.03,2,82.2,9.6,1,1,1
961.24,19.04,4,120.7,6.4,1,0,0
658.66,5.6,1,52.4,37.3,0,1,0
863.88,8.04,1,55.3,12,1,1,1
987.2,19.36,4,140.2,11.9,1,0,0
1010.39,16.84,2,84.5,9.8,1,1,1
478.95,35.6,3,109.2,41.1,0,0,0
736.66,4.7,1,53.8,20.2,0,0,0
713.67,15.3,2,71.6,9.8,1,0,0
1217.41,12.54,4,127.2,18.7,1,0,1
1019.83,3.81,3,104.7,14.8,0,1,0
1302.49,3.39,3,106.4,1.4,0,0,1
1228.8,3.93,3,91.2,25,1,1,1
824.9,24.61,3,107.5,19.4,1,0,0
1157.94,14.06,5,156.3,25.8,1,0,0
844.15,1.31,1,37.6,19.3,1,1,1
1204.64,10.3,3,110.9,4.4,1,0,1
680.06,30.1,2,83,4.9,1,0,0
880.26,0.78,2,40.9,33.8,0,1,0
582.57,22.06,2,74.3,23.9,1,0,0
884.61,4.99,1,38.9,3.4,1,1,1
817.47,3.21,2,83.4,22.6,0,0,0
835.96,33.87,4,116.6,18,1,0,0
670.77,24.31,1,86,4,1,0,1
637.47,8.6,2,68.8,29.5,0,0,0
594.96,8.94,1,57.6,14.9,0,1,0
895.23,9.27,1,80.9,16.1,1,1,1
776.73,6.82,1,63.2,6,1,1,0
1083.14,15.75,3,107.7,8.9,1,0,1
778.32,38.43,5,173.7,11,0,0,0
637.16,6.81,1,45.1,19,1,1,0
963.98,1.27,1,47,11.7,1,1,1
1072.66,18.73,4,124.2,19,0,0,1
831.35,25.18,3,118,9.7,0,1,0
656.53,24.15,2,87.8,10.6,0,1,0
759.69,4.26,1,47,14.8,0,0,1
887.37,2.82,1,46.5,1.9,1,0,1
644.48,15.15,2,80.8,9,0,0,0
1139.57,9.47,4,130,18.5,0,0,1
791.34,12.07,2,82.2,13.6,0,1,0
1092.59,3.41,2,72,13.8,1,1,1
1061.03,10.98,5,150.8,3.2,0,0,0
778.76,7.5,1,37.5,26.7,1,0,1
951.41,10.37,3,105.7,6.2,1,0,0
658.91,11.49,1,71.5,3.1,0,0,0
752.56,29.41,4,142,7.4,0,0,0
1035.62,10.78,2,83.3,20.3,1,1,1
880.54,15.59,4,118.4,18.5,0,0,0
1006.94,11.26,2,78.8,16,1,1,1
1000.94,17.88,5,163.5,37.1,0,0,0
1095.98,14.5,4,136.4,39.1,0,0,1
724.13,31.32,3,95.3,10.3,0,1,0
842.26,7.5,2,77.8,12.1,0,1,0
763.05,13.5,3,88.6,32.1,0,0,0
872.71,17.96,2,80.5,66,1,1,1
795.6,14.89,2,67.1,25.5,1,0,1
669.75,7.85,1,38.4,3.1,0,0,1
670.23,1.66,1,35,3.2,0,0,0
1046.52,2.28,2,67.3,16.8,0,1,1
881.81,10.18,2,72.8,20,1,0,1
649.84,17.1,2,73.6,6.4,0,1,0
1175.6,2.19,3,88,25.7,1,0,1
845.92,20.61,2,83.5,20.4,1,1,1
669.2,24.2,2,102,14.7,0,1,0
1081.8,9.14,3,97.9,20.8,1,0,1
1060.21,10.6,3,91.7,32.4,1,0,1
787.42,40,4,141.5,1.3,0,0,0
1004.14,16.95,3,84.8,6.9,1,0,1
711.73,14.53,2,83.1,1.5,1,0,0
1007.78,4.98,2,71.7,35.4,1,0,1
699.72,8.14,2,67.1,100,1,0,0
914.54,16.21,2,103.9,9.8,1,0,1
876.48,11.35,2,59.3,10.8,1,0,1
747.39,20.96,3,117.8,28.5,0,0,0
684.06,26.69,3,108.8,24.5,0,1,0
680.26,40,2,102,11.9,0,0,1
914.47,10.82,2,77.9,22.5,1,1,0
914.59,21.64,4,137.5,6.6,1,0,0
1182.23,23.43,4,143.6,13.2,1,0,1
943.52,23.23,4,134.8,15.2,0,1,0
999.12,1.5,2,62,23.4,1,0,1
436.47,23.56,2,62.8,38.7,0,0,0
747.84,22.52,3,88.9,6.2,1,0,0
852.36,1.57,1,50.6,9.9,1,0,1
971.62,5.23,1,72.5,9.2,0,1,1
1128.86,8.68,4,117.6,7.4,1,0,0
1418.67,5.78,4,109.1,4.4,1,1,1
735.97,8.16,1,40.1,28.1,1,0,1
818.34,9.16,2,69.6,20.8,0,1,0
858.52,5.65,1,49.1,18.1,1,1,1
528.87,13.62,1,49.5,21.8,0,1,0
1031.98,9.99,3,105.5,6.1,1,1,0
785.03,24.41,3,119.4,9.5,0,1,0
697.72,23.98,3,109.8,18.3,0,0,0
978.58,6.9,2,74.2,10.5,0,0,1
954.55,10.65,2,79.2,22.9,1,1,1
438,21.1,2,69.4,67.8,0,0,0
897.31,28.08,4,112.1,17.9,1,1,0
929.15,12.94,3,108.4,0.9,0,0,0
808.29,4.15,1,45.4,10,0,0,1
879.06,10.91,3,123.3,8.2,0,0,0
875.72,2.08,1,54.8,25.1,1,0,1
1013.32,9.3,3,95.4,29.4,1,0,1
1000.6,28.46,3,113.5,9.2,1,0,1
877.48,3.1,2,87.3,36.8,1,0,0
843.92,26.02,4,126.3,48.3,0,1,0
895.9,12.58,2,73.5,23.8,1,0,1
1323.54,3.94,3,96.8,5.1,0,1,1
555.55,28.65,3,88.9,26.3,0,0,0
846.6,5.43,3,74.4,4.3,0,0,0
433.94,35.6,1,84.9,23.7,0,0,1
1100.67,11.26,4,105.2,3.5,0,0,1
1136.74,4.69,3,98.9,0.2,0,0,1
811.43,33.42,3,110.3,7.8,1,0,0
769.71,28.78,4,126.2,17.4,0,0,0
912.69,9.39,2,84.2,6.8,0,0,1
1219.05,5.52,3,114.6,59,1,0,1
1199.86,2.04,2,110.4,41.3,1,1,1
600.39,21.76,2,87.5,19.1,0,1,0
802.19,16.85,4,117,19.1,0,0,0
664.72,27.2,4,121.2,19.5,0,0,0
660.53,6.15,1,38.8,10.7,0,0,0
482.17,17.75,1,43.8,16.3,1,0,0
727.18,15.7,2,74.4,45.4,0,0,1
602.85,9.1,1,49.1,12.3,0,0,0
1037.08,1.28,2,73.3,23.4,1,1,0
945.99,21.83,3,97.8,7.7,0,1,1
871.86,2.24,2,48.5,7.5,1,0,0
715.26,13.1,2,70.8,34.8,1,1,0
551.97,27.86,3,107.6,29.9,0,0,0
791.44,14.43,2,66.8,25,1,0,1
586.04,10.89,1,60.6,16.1,0,0,0
813.47,19.45,2,97,25.3,1,0,0
590.6,9.45,1,68.1,46.7,1,0,0
885.46,11.64,3,111.8,11.4,0,0,0
655.69,4.21,1,49.6,21,0,0,0
933.79,3.01,2,64.4,21.3,1,0,0
1467.15,3.82,4,113.1,24.9,1,1,1
1209.73,11.77,4,104.9,46.9,1,0,1
719.06,19.7,3,94.2,32.5,0,0,0
1301.74,10.99,4,125,3.6,1,0,1
1120.87,13.41,3,78.7,4.7,1,1,1
528.84,22.74,2,83.5,17.9,0,0,0
594.85,15.88,1,76.6,58.5,0,0,0
1075.22,1.71,2,81.2,15.2,0,0,1
932.8,10.88,3,79.1,22.8,1,1,0
850.12,1.24,1,35.7,25.5,1,1,1
910.12,3.04,2,56.7,11.3,0,0,1
311.66,25.3,1,44.5,8.3,0,0,0
1064.89,20.54,3,126.4,39.5,0,1,1
601.24,32.7,3,97.1,9.2,0,0,0
1181.73,1.91,3,92.5,37.2,0,0,1
558.18,37.02,2,80.3,9,0,1,0
709.41,0.91,1,35,17.9,0,0,1
1437.57,9.87,5,164.6,8,1,0,1
783.89,17.83,3,117.2,13.2,0,0,0
813.95,6.67,2,84.5,22,1,0,0
668.21,7.88,2,66.2,30.6,0,0,0
748.8,13.8,3,105.1,7.4,0,0,0
790.63,22.75,3,118,9.8,0,0,0
951.07,8.3,2,79.3,2.9,0,0,1
586.71,3.36,1,35.3,37.1,0,0,0
1242.88,14.72,4,113.6,27.4,1,0,1
874.97,9.32,2,69.2,64.5,1,0,1
1080.24,11.4,3,96.9,19.6,1,0,1
1015.09,4.05,2,66.6,15.3,1,0,1
1276.93,4.41,4,132.2,52.6,1,0,1
944.61,31.72,3,126.8,6,1,1,0
645.99,10.33,1,47.2,18.8,0,1,0
1162.36,12.27,4,126.1,34,1,0,1
958.71,8.32,2,54,5.6,1,1,1
550.87,20.71,2,100.8,30.3,0,0,0
609.02,25.42,2,107.4,13,0,0,0
1427.59,8.89,4,132.2,26,1,1,1
917.06,2.45,1,44.1,23.9,1,1,1
1272.38,2.23,3,78,6.2,1,1,1
879.12,8.75,2,63.8,9,0,0,1
629.6,37.98,3,118.3,7,0,0,0
917.67,12.08,3,91.5,30.3,0,0,1
843.82,22.92,4,131,38.8,0,0,0
736.63,25.47,3,119,12.1,0,0,0
953.77,10.23,2,98.4,26.5,0,0,1
1256.01,15.52,4,114.6,26,1,1,1
1428.21,3.21,4,114.2,12.3,0,1,1
435.35,28.47,1,76.6,56.4,0,1,0
852.5,7.79,1,57.6,67.9,1,1,1
786.26,29.69,4,133.6,5.9,0,0,0
979.9,9.19,2,91.7,12,0,0,1
881.99,14.6,3,117.6,8.9,0,0,0
807.71,8.07,1,58.4,4.5,1,0,1
940.7,3.94,1,74.9,7.3,0,1,1
388.69,24.66,1,68.3,14.1,0,0,0
773.83,24.88,2,87.4,6.9,1,1,1
452.63,25.2,2,77.2,32.1,0,0,0
612.62,20.21,1,89.4,12.3,0,0,1
461.15,35.21,2,71.5,20.1,0,0,0
1079.33,26.55,5,148,9.1,1,1,0
492.08,9.44,1,35,5.4,0,0,0
459.17,10.58,1,45.1,21.8,0,0,0
778.21,13.25,1,69.1,13,0,1,1
865.52,22.68,4,136.7,12.3,0,1,0
778.44,26.74,3,100.4,10.2,1,0,0
826.48,32.7,4,129.1,23.1,1,0,0
1330.62,10.13,4,124.4,8.5,0,1,1
560.56,34.52,2,88.9,4.8,0,0,0
871.09,2.87,1,58.2,59.5,1,0,1
1049.02,3.67,2,79.7,21.1,0,0,1
975.25,1.5,1,68.3,38.6,1,0,1
640.11,21.4,3,107.7,13,0,0,0
626.12,9.11,1,62.7,23,0,0,0
705.08,21.09,1,81.1,3.5,1,0,1
795.15,1.97,1,51.8,8.3,1,0,0
969.58,4.26,2,68.1,6.1,1,0,1
1121.68,4.93,2,87.3,20.7,1,1,1
1266.78,4.92,4,113.2,18.8,1,1,0
807.51,24.95,5,123.3,38.6,0,0,0
957.29,23.66,3,106.8,10.5,1,1,0
681.19,23.77,2,84.2,4.7,1,0,0
1019.14,4.45,2,79.2,23.6,1,0,1
659.72,21.19,2,82.3,19.8,0,0,0
900.21,2.44,2,66.9,31.4,0,0,1
714.69,33.25,4,138.1,8.2,0,0,0
602.82,21.71,1,86.9,18.3,0,1,0
1031.37,11.56,3,85.5,15.9,1,0,1
394.59,23.89,2,72.7,56.9,0,0,0
818.94,7.94,2,65.9,43.4,0,0,1
758.87,5.78,1,35,9,1,0,1
988.52,16.24,4,106.2,28.1,0,1,0
862.66,21.24,4,143.4,7.7,0,0,0
1331.85,1.08,3,102.4,6.5,1,0,1
1057.75,4.33,3,101.9,42.3,0,1,0
655.1,10.94,1,35,18.6,0,1,1
999.3,13.59,2,89.3,2.9,0,1,1
831.53,13.13,3,97.5,21.9,1,0,0
625.71,22.54,1,67.9,58.1,1,0,1
496.47,12.39,1,49.7,10.2,0,0,0
1287.89,15.27,4,127.2,23,1,0,1
1126.69,7.12,4,105.6,6.2,0,1,0
1047.04,2.67,2,73.1,14.9,0,0,1
1068.98,0.83,3,89.2,16.4,1,0,0
941.38,11.97,3,96.1,8.3,1,0,0
680.13,6.51,2,60.1,26,0,0,0
1140.82,3.09,3,96.1,51.7,0,0,1
865.96,12.65,4,127.2,42.2,0,0,0
717.11,17.74,2,84.9,27.2,0,0,1
480.96,30.88,1,67,28.4,0,1,1
621.62,3.37,1,46.4,32.5,0,0,0
808.13,31.68,4,144.4,16.3,0,0,0
1201,0.72,3,104.6,20.3,0,0,1
1201.3,29.04,5,168,20.2,1,0,1
895.56,3.14,2,69.2,1.7,0,0,0
471.3,6.83,1,41.9,29.7,0,0,0
633.09,14.61,2,64,15.5,0,1,0
779.93,29.23,3,113.3,9.6,1,0,0
1004.35,2.02,2,76.1,14.8,0,1,0
714.2,22.6,3,93.8,6.2,1,0,0
1023.66,4.01,2,75.7,14,1,0,1
1125.79,8.62,4,117.3,5.4,1,0,0
614.46,23.4,3,112.4,13.9,0,0,0
680.21,20.83,2,67.1,5.9,1,1,0
794.17,11.62,2,63.6,4.9,0,0,1
974.07,28.09,5,181.4,1.9,0,0,0
556.51,27.06,2,98.5,28.8,0,0,0
955.14,1.39,2,67.1,40.2,1,0,0
1185.64,12.75,3,106.7,30.9,1,1,1
1178.43,4.82,3,87.2,24.3,0,1,1
1458.58,4.58,4,110.9,5.3,1,1,1
866.23,8.76,2,74.5,40.1,1,0,1
689.36,12.72,2,77.4,19.2,0,0,0
851.61,35.34,3,120.6,7.4,0,0,1
857.02,29.64,3,109.6,5.4,1,1,0
1292.88,4.05,3,102.9,8.5,0,1,1
516.26,36.74,2,97.7,32.6,0,0,0
530.85,24.95,2,94.1,34.3,0,0,0
943.58,9.57,2,83.9,7.9,0,0,1
718.18,33.13,4,143.1,41.4,0,0,0
688.1,22.64,3,115.2,16.8,0,0,0
682.12,7.72,2,53.7,10.7,0,0,0
635.11,26.53,2,96,3,0,0,0
915.27,9.35,2,64.5,44.7,1,1,1
742.66,4.39,1,44.4,23.4,1,1,0
530.4,11.94,1,52,36.8,0,0,0
1385.87,5.2,4,123.6,26.5,1,0,1
1023.67,11.98,3,93,6.6,0,0,1
962.88,5.82,1,68,3.5,0,1,1
822.83,22.76,4,132.6,7,0,0,0
694.21,30.95,3,130.5,14.2,0,1,0
889.76,31.22,5,159.7,12.5,0,0,0
769.12,40,4,152.7,8.2,0,0,0
672.31,14.07,1,59.7,3.9,1,0,0
567.81,14.72,2,64.4,11.4,0,0,0
641.36,28.6,2,80.7,13.6,1,1,0
734.01,2.75,1,40.4,27.4,1,0,1
758.3,16.08,2,67.5,28.7,1,1,0
601.07,22.52,2,86.8,33,1,0,0
972.11,10.58,3,92.1,2.2,1,0,0
759.39,3.24,1,45.6,8,0,0,1
859.84,23.11,2,92.2,14.4,1,0,1
946.86,30.71,4,133.8,46.5,1,1,0
552.8,15.38,2,88.5,75.7,0,0,0
739.33,21.58,3,97.9,18.3,0,0,0
705.01,25.18,3,99.4,46.2,1,0,0
1106.97,3.04,2,69.6,17,1,1,1
663.56,11.04,1,61.3,5.2,0,0,0
1075.83,5.6,2,70.1,29.2,1,1,1
581.91,12.12,1,57.4,10.2,0,0,1
1068.42,4.96,3,82.6,17.8,1,1,0
633.76,26.58,2,90.5,76.2,0,1,0
782.86,29.29,2,97.4,18.3,1,0,0
724.12,11.75,1,68.9,37.5,1,0,1
472.28,25.45,1,80.7,5.4,0,0,0
649.74,23.42,3,115.3,32.5,0,0,0
698.19,12.65,1,55.9,10.2,0,1,1
466.71,18.57,1,63.3,20.4,0,1,0
1079.15,11.52,3,113.1,11.8,0,0,1
861.81,24.71,4,122.9,25.2,1,0,0
1121.78,2.55,2,70.3,28.2,1,0,1
576.9,27.13,3,96.7,39.7,0,0,0
1299.28,3.34,4,132.8,14.3,0,1,0
598.3,12.07,1,53.9,4.7,1,0,0
894.24,3.81,1,51.4,18.3,0,1,1
611.96,12.7,2,67.6,22.7,0,0,0
709.44,20.59,2,81.1,27.7,1,0,0
606.04,12.15,1,45.4,4.9,0,0,1
1080.95,10.52,4,116.7,23.4,1,1,0
892.68,16.84,4,118.6,26.3,0,0,0
881.72,2.23,1,44.6,25.6,0,1,1
685.18,18.8,2,77.3,42.7,1,1,0
691.96,25.71,3,82.1,5.9,1,0,0
1062.98,6.41,2,81.6,23.4,0,1,1
821.03,6.31,2,73.6,10,1,0,0
812.53,14.05,2,105.9,19.7,1,0,0
838.4,9.69,2,64,38.6,1,0,1
817.26,15.09,2,64.4,25.9,1,0,1
735.82,12.86,2,85,3.7,1,0,0
1040.9,16.84,4,138.1,11.3,1,0,0
884.15,11.46,2,80.3,10.7,0,0,1
582.63,37.26,3,126.2,13.6,0,0,0
612.68,32.61,2,94.9,6.5,1,0,0
839.86,4.93,1,35,12.8,1,1,1
700.16,19.18,2,99.8,38.6,1,0,0
944.74,30.64,5,168.7,16.2,0,0,0
799.42,4.35,1,43.4,19.9,1,0,1
934.96,0.86,3,80,15.2,0,0,0
780.34,18.83,2,88.3,2.7,1,1,0
1237.88,17,5,143.9,9.7,0,0,1
721.84,15.56,2,82.3,39.7,1,0,0
954.46,2.57,1,38.3,6.6,1,1,1
1148.74,1.55,2,71,0.9,1,0,1
631.56,18.98,2,92.7,19.2,0,0,0
1117.87,13.97,3,108.6,3.9,1,1,0
610.62,6.39,1,35,31.8,0,0,1
1394.58,7.79,5,144,21,0,0,1
982.81,5.74,2,74.4,5.8,0,0,1
660.58,20.13,2,96.2,9.4,0,0,0
1409.72,10.04,5,153.4,12,0,0,1
1192.44,10.49,5,141,18.1,1,0,0
700.02,10.55,2,87.4,8,0,0,0
600.16,23.45,3,101.5,5.6,0,0,0
829.4,3.36,1,50.3,1.7,0,1,1
1318.12,3.5,3,91.7,5.1,1,1,1
977.02,2.96,2,57.7,34.4,1,0,1
899.63,20.59,5,140.8,9.4,0,0,0
816.71,3.47,1,57.5,19.9,1,0,1
1212.62,12.69,5,161.6,2.5,1,0,0
618.44,16.21,2,85.9,32.2,0,0,0
941.38,7.68,2,89.1,20.1,1,1,0
849.12,8.78,2,47.7,20.8,1,0,1
626.37,27.27,2,82.1,13.7,0,1,0
851.79,16.97,2,75.9,28.9,1,0,1
1022.37,12.03,5,135.9,24.2,0,0,0
901.4,32.69,4,155.1,23,0,0,1
425.01,27.95,2,73.1,1.4,0,0,0
957.1,4.26,2,79.7,0.6,1,0,0
826.63,1.21,1,35,7.7,0,1,0
941.24,1.34,2,49.2,34.6,1,1,0
1412.57,13.65,5,161,6.5,1,0,1
685.85,28.41,3,119.2,24.4,0,0,0
1263.74,1.56,3,100.9,21.6,0,0,1
552.51,27.62,1,89.8,54,0,1,0
685.03,13.89,2,83.8,41.6,0,0,0
1191.68,2.56,2,90.8,31,1,1,1
1011.15,12.44,2,87.6,38.8,1,1,1
904.7,3.62,1,56.9,2.7,0,0,1
585.01,11.27,1,51.7,49.8,0,0,0
697.67,18.77,2,99.2,13.6,0,0,0
763.71,3.73,1,53,6.8,1,0,1
716.92,2.59,1,40.1,3.7,0,0,0
770.28,17.2,3,85.5,27.9,0,1,0
680.98,19.27,2,93.9,12.7,0,0,0
698.45,8.35,2,78.2,20.7,0,0,0
941.3,8.28,2,89.2,34.8,1,1,0
986.72,2.19,2,69.2,15.5,0,0,1
833.64,4.74,2,63.1,19.7,1,0,0
738.87,8.55,1,58.8,27.1,1,0,1
933.77,10.38,2,78.5,11.4,0,1,1
864.33,10.16,2,87.2,41.6,1,0,1
949.96,16.96,3,97.4,15.6,1,0,1
706.46,24.54,3,95.9,13.6,0,1,0
1022.16,15.74,3,90.9,15.1,1,0,1
676.01,9.52,2,53.9,13.4,0,0,0
866.47,6.92,2,91.8,6.5,0,0,0
802.73,5,2,66,55.5,0,1,0
1036.33,7.4,3,85.7,22.6,0,1,0
792.98,13.1,2,81.5,8.9,0,1,0
1029.82,19.39,3,97.4,11.5,1,0,1
892.21,7.12,2,93.1,8.9,1,0,0
1053.03,14.86,3,128.8,51.4,1,0,1
683.42,20.73,1,81.9,14.4,1,1,0
1030.17,7.44,4,107.4,45.3,1,0,0
915.28,9.12,2,67.7,17.1,0,0,1
1127.87,10.03,5,153.8,3.1,0,0,0
1076.92,7.2,2,75.5,17.6,0,1,1
651.58,18.29,2,72.4,30.6,0,1,0
692.4,6.78,2,42.9,13.4,0,1,0
693.66,12.78,2,78.9,26.8,0,0,0
647.45,35.76,4,146.5,33.2,0,0,0
660.32,18.35,2,109.4,21.6,0,0,0
1153.95,2.77,3,88.9,9.2,0,0,1
667.94,9.33,1,50.9,34.7,0,1,0
623.36,22.82,1,76.2,3.3,1,1,0
1311.14,3.02,3,100.9,25.6,1,1,1
701.51,15.07,1,64.7,5.1,1,0,1
1106.63,8.7,3,103,6.1,0,0,1
744.3,15.45,2,98.1,47.1,0,0,1
921.95,13.51,2,62.5,24.9,1,0,1
662.97,30.4,2,86,26.5,0,0,1
935.71,17.55,2,84.7,22.8,1,1,1
805.67,16.31,2,80.3,11.5,0,0,1
1029.89,2.73,2,65.4,18.5,0,1,1
862.63,5.83,1,56.5,31.8,1,0,1
843.5,2.47,1,37.4,6,0,1,1
843.6,8.76,2,51.2,7.7,0,0,1
877.84,13.92,3,111.3,5.6,1,0,0
1197.47,2.13,2,68,21.6,1,1,1
686.61,10.45,2,60.4,23.3,0,1,0
996.2,7.25,2,61.6,6,1,1,1
934.74,5,3,83.9,28.2,1,0,0
794.93,16.31,2,108.4,18.6,0,0,0
847.27,5.59,1,53.9,1.9,1,1,0
640.98,18.22,2,62.6,14,1,0,0
931.86,9.84,3,113.9,22.4,1,0,0
1258.94,3.74,3,109.5,8.9,1,0,1
963.61,25.85,4,120.5,14.7,0,0,1
1048.73,5.49,2,60.2,24.9,0,1,1
839.86,6.23,1,65,6.7,1,0,1
354.1,28.46,1,67,5,0,0,0
1158.98,2.48,3,89.1,12,0,0,1
811.04,27.4,5,167.2,69.6,0,0,0
456.7,40,2,83.3,10.9,0,0,0
532.66,26.22,2,79.4,16,0,1,0
888.63,5.15,3,95.7,4,0,0,0
770.7,7.4,1,48.9,8,0,0,1
861.42,21.18,4,159.7,23.9,0,0,0
868.67,3.38,2,55.8,9,1,0,0
831.08,12.4,2,69.5,19.2,1,0,1
938.17,10.41,4,142.8,28.6,0,0,0
730.9,8.19,1,49.3,5.1,1,0,1
599.07,10.73,1,77.1,26.5,1,0,0
835.83,16.17,3,100.8,3.4,0,0,0
930.81,4.88,2,70.6,15.3,1,0,0
1147.85,2.03,3,80.9,43.4,0,0,1
962.36,11.34,3,113.1,16.7,0,1,0
844.25,7.15,1,59.8,8.3,1,0,1
839.9,23.51,3,109,40.8,1,0,1
1218.57,13.16,4,136.7,1.5,1,1,0
741.22,20.4,4,117.8,12.1,0,0,0
666.92,26.92,2,94.9,16.4,0,0,0
1086.69,3.38,2,81.6,70.1,0,1,1
748.48,12.5,3,113.1,36.9,0,0,0
694.1,1.66,1,52.5,44.5,0,0,0
490.21,16.14,1,61.6,19.2,0,0,0
833.46,6.52,2,35.5,11.1,1,0,1
1208.36,13.63,4,135.1,18.4,0,0,1
979.62,22.84,3,109.5,26.5,1,0,1
691.23,22.46,2,91.3,18.5,0,1,0
844.46,2.57,2,60.9,15.7,0,0,0
833.19,4.16,1,47.1,1.5,0,1,0
548.53,16.23,1,56.3,37.2,1,0,0
845.94,8.34,1,71.6,7.8,1,0,1
1106.97,3.1,2,87.6,11.8,0,0,1
639.1,4.14,1,35,17.6,0,0,0
871.01,3.04,1,35,18.1,1,1,1
746.96,15.53,3,113.1,25.3,0,0,0
886.44,7.03,2,71.3,11.1,1,1,0
602.97,14.14,2,67.6,10.7,1,0,0
960.57,0.7,2,74.8,24.1,0,0,1
876.64,8.98,3,100.8,24.3,1,0,0
888.18,3.85,2,67.3,13.2,0,0,0
554.97,21.86,2,87.6,63.6,0,0,0
793.54,22.02,3,119.6,23.9,0,1,0
373.81,34.56,1,95.8,15.3,0,0,0
865.59,7.88,1,58.4,7,1,0,1
817.14,25.13,2,102.5,6.8,1,0,1
866.35,12.55,2,94.4,45.5,0,0,1
1094.82,8.84,4,109.3,12.1,0,1,0
892.02,3.97,1,68.1,8.3,0,0,1
473.64,13.72,1,53.9,34.3,0,0,0
512.75,31.38,2,89.1,3.6,0,0,0
701.38,11.17,3,98.3,55.3,0,0,0
964.81,11.37,3,104.7,13.1,1,0,0
624.88,13.31,2,88.3,30.2,0,0,0
860.8,16.25,3,113.2,42.9,0,1,0
538.77,26.73,1,77.8,9,1,1,0
1194.15,9.76,4,138.4,33.3,0,0,1
687.79,16.41,2,93.6,16.8,0,0,0
669.36,17.13,2,87.8,27.3,1,0,0
827.36,15.11,4,120,57.8,0,0,0
1009.85,25.15,5,158.5,32.4,0,0,0
869.92,25.93,4,134.8,47.2,1,0,0
850.89,22.08,4,113.2,38.8,0,0,1
548.48,7.96,1,48.2,22.3,0,0,0
837.07,15.58,4,135.4,15,0,0,0
1184.65,15.9,3,116.3,27.2,0,1,1
932.41,18.13,5,155.3,10,0,0,0
953.74,26.57,3,96.6,35.2,1,0,1
1272.66,3.54,3,97,24.8,1,1,1
694.06,26.73,3,123.3,17.5,0,0,0
1012.15,9.93,3,125.5,11.2,0,0,0
752.52,3.9,1,53.7,10.7,0,0,1
478.18,36.46,2,109.9,12.3,0,0,0
713.91,6.33,1,62.6,32.3,1,0,0
935.69,29.05,4,170.3,17.8,0,1,0
1074.9,3.11,2,79.8,26.1,0,1,1
988.91,10.56,3,77.2,18.9,1,0,1
728.28,9.1,1,41.8,10.7,1,0,1
604.49,4.32,1,35,17.3,1,0,0
823.5,33.55,2,104.7,21.2,1,0,1
680.84,18.5,3,97.1,28.1,0,0,0
918.53,31.39,4,149.8,29.8,1,0,0
1088.51,15.58,4,136.8,20.6,1,0,1
1227.39,10.33,3,105.7,10.3,1,0,1
777.44,9.5,1,48.9,32.2,1,0,1
655.11,18.14,2,109.2,31.6,0,0,0
1007.2,7.38,2,89.4,1.4,1,1,0
1443.44,1.77,4,102.7,25.8,1,0,1
902.13,10.78,2,105.2,10.1,1,0,0
1444.44,1.59,4,109.6,18.2,1,0,1
858.33,3.96,1,37.1,11.8,1,1,1
1042.11,7.01,4,88.8,22.6,1,0,0
605.57,22.9,2,97,8.8,0,0,0
898.84,33.62,3,122.1,20.7,0,1,1
853.23,4.05,1,35,5.8,1,0,1
864.53,8.34,2,62.2,14.1,0,0,1
1091.71,17.07,3,106.7,7.3,0,1,1
545.06,34.71,2,100.8,12.3,0,1,0
955.21,23.99,5,144.3,20,0,0,0
1054.48,3.38,2,78,12.3,1,1,0
1123.49,2.76,2,70.3,20.6,1,1,1
1158.28,4.83,2,76.6,14.9,1,1,1
605.04,36.96,3,130.4,44.8,0,0,0
896.2,16.72,4,155.2,5.3,0,0,0
1054.19,14.51,5,161.1,14.7,1,0,0
761.67,8.52,1,48.5,31.6,1,0,1
1191.26,9.69,3,93.4,11.9,0,1,1
961.87,1.44,2,55.4,45.9,0,1,1
874.57,21.67,3,119.5,18.2,1,1,0
677.62,7.71,1,48,7.6,0,0,1
642.3,39.65,3,104.7,39.7,0,1,0
950.85,2.87,1,57,5.5,1,0,1
902.59,2.49,1,58.3,11.8,1,0,1
1417.39,11.29,4,131.9,9.3,1,1,1
776.05,18.63,3,108.4,21.7,0,0,0
511.37,17.91,1,72.2,24.2,0,0,0
671.99,10.42,2,64.5,9.6,0,0,0
848.9,13.7,3,97.7,6.7,0,0,0
782.12,3.12,1,59.1,27.3,0,1,0
897.64,13.47,3,125.8,27.8,0,0,0
704.37,28.38,4,131.4,8.7,0,0,0
696.83,16.2,1,65.4,10.5,1,0,1
881.67,2.21,2,60.1,5.5,0,1,0
825.24,23.03,4,134.5,14.7,0,0,0
1295.27,1.62,3,69.6,15,1,1,1
561.27,27.56,2,76.6,7.8,1,0,0
1111.86,11.91,2,96.7,14.8,1,1,1
877.96,1.31,2,63.8,14.6,1,0,0
845.87,3.4,2,58.1,40.3,1,0,0
508.45,6.97,1,43.2,13.9,0,0,0
783.13,4.56,1,76.3,15.3,0,0,0
1228.15,2.82,2,73.1,4.8,1,1,1
806.13,6.27,1,60.3,13.8,0,0,1
893.32,10.19,2,56.6,45.2,0,1,1
748.83,9.83,2,69.5,8.3,1,0,0
1047.07,23.03,5,143.7,16.4,1,0,0
962.59,1.79,1,60.5,11,1,1,1
641.92,16.35,3,92.2,36.8,0,0,0
592.67,20.77,1,66.3,9,0,0,1
1049.11,3.11,2,79.1,8.5,1,0,1
887.24,32.28,5,160.6,5,0,0,0
994.72,11.04,2,73.7,11.8,0,1,1
1416.74,7.66,5,142.5,8.9,0,0,1
844.25,15.21,3,117.2,49.8,1,0,0
977.67,7.13,2,71.3,15.2,0,0,1
697.57,17.87,3,94.8,77.1,0,1,0
1097.8,3.34,3,75.4,36.9,1,0,1
691.21,24.11,3,117.9,26.7,0,0,0
1107.78,1.09,2,58.6,2.2,1,0,1
1022.97,2.7,2,74.1,5,1,0,0
777.62,14.24,3,95.3,5.4,0,0,0
595.94,12.78,1,57.1,0.9,0,1,0
760.37,18.63,2,82,23.6,1,0,1
1176.49,4.71,3,104,19.7,0,0,1
767.29,17.09,3,92.1,23.4,0,0,0
1109.8,9.76,3,96.9,14.7,1,0,1
849.2,3.83,1,41.6,15,0,1,1
986.07,8.22,2,71.1,7.8,1,0,1
992.59,10.75,3,105.1,36.8,0,0,1
992.99,9.99,2,83.5,3.2,1,0,1
876.81,4.61,1,54,39.9,1,0,1
1295.95,11.61,4,141.9,13.1,1,0,1
820.6,12.23,2,92.7,7.1,0,1,0
749.75,25.11,3,117,28.3,1,0,0
697.04,25.38,3,119.6,43.9,0,1,0
577.1,12.6,1,47.2,20.9,0,0,1
1010.23,22.47,5,137.2,28.7,1,0,0
892.72,2.8,1,45.3,10.3,1,0,1
929.97,20.24,4,148.2,15,0,1,0
925.17,25.33,5,164.9,60.4,1,0,0
702.7,7.6,1,51.6,3.4,0,0,1
487.64,18.77,1,60.7,22,0,1,0
445.69,17.36,1,62.2,24.1,0,0,0
1173.39,9.85,4,150.8,7.7,0,1,0
643.28,12.03,1,57.7,10.7,0,1,0
715.07,1.51,1,48.1,18.9,0,0,0
1293.67,1.26,3,107.2,29.5,1,0,1
1024.47,20.22,4,127.2,24.8,0,0,1
684.13,12.15,1,43.2,12.1,1,0,1
1048.67,12.65,4,146.2,19,0,0,0
588.31,29.35,2,103.4,20,1,0,0
845.35,12.86,2,63.9,17.1,0,1,1
753.49,28.12,4,137.9,2.7,0,0,0
651.47,26.4,2,79,16.6,0,1,1
655.92,38.52,3,111.5,16.4,0,0,0
960.17,24.19,4,131.3,12.9,0,0,1
1449.75,2.7,4,119.8,8.8,1,1,1
1022.82,16.45,4,112.2,14.6,0,0,1
875.23,33.57,4,131.8,27.6,1,0,0
832.27,25.66,3,96.7,40.3,1,0,1
659.29,23.95,1,76.1,5.9,1,0,1
594.05,18.93,1,68.7,10,0,0,0
1060.03,1.83,2,75.2,27.1,0,1,1
509.56,23.54,2,94.5,19.3,0,0,0
894.94,12.67,3,101.8,18.6,1,0,0
1123.75,26.27,5,143.6,15.9,1,1,0
1165.44,12.23,3,128.7,13.6,1,0,1
621.62,1.97,1,43.3,49.3,0,0,0
671.28,25.52,2,104,10.8,0,0,1
661.43,13.96,2,90.1,35.4,0,0,0
720.07,11.22,2,92.4,2.9,0,0,0
671.87,2.08,1,35,24.8,0,0,0
841.68,15.21,3,98.9,4.8,0,0,0
753.52,2.28,1,35,38.8,1,0,1
212.96,30.94,1,52,10.3,0,0,0
720.8,12.12,2,96.8,20,0,0,0
585.11,7.6,1,47.3,35,0,0,0
913.48,10,2,93,31.4,1,0,1
1140.62,12.6,4,97.8,25.8,1,0,1
542.88,25.98,2,88.1,5.4,0,1,0
684.69,8.31,1,54,11.4,0,1,0
1002.32,7.97,2,68.2,4.2,0,1,1
661.76,19.92,2,75.3,31.5,1,0,0
865.29,10.85,3,91.8,17,0,0,0
774.37,16.67,2,68.1,23.9,1,0,1
917.39,30.52,5,163.8,32.6,1,0,0
738.11,30.39,4,125.7,2.1,0,0,0
1038.35,27.69,4,128.4,23.4,1,1,0
817.7,6.99,3,111.9,49.3,0,0,0
778.48,4.41,1,35,18,1,1,0
803.29,15.05,2,95.9,14.4,1,0,0
737.36,13.9,2,54.2,15.4,0,0,1
944.85,4.2,1,44.3,4.3,1,1,1
891.85,34.61,3,117.9,10,1,0,1
993.69,9.85,2,74.3,21.5,1,1,1
816.24,11.31,1,82.8,14.1,0,1,1
890.44,21.52,3,105.2,26.2,1,1,0
948.01,8.6,3,98.2,17.9,1,0,0
949.81,1.21,1,36.4,2,1,1,1
934.83,15.6,3,117.4,37.9,0,0,1
899.62,12.39,2,70.8,7.1,0,1,1
764.62,4.01,2,55.5,21.5,0,0,0
817.57,11.86,2,101.1,18.4,0,0,1
616.41,11.98,2,103.1,57,0,0,0
476.38,21.62,1,73.8,57.3,0,0,1
864.48,7.51,1,63.7,23.1,1,1,1
888,5.55,2,83.5,2,0,1,0
1209.43,4.84,3,99.3,11.3,1,0,1
543.92,39.51,2,94.9,64.4,0,1,0
822.29,11.2,3,82,35.7,1,0,0
1045.77,21.23,4,123.4,5.6,0,1,0
1124.51,9.54,3,101.9,28,1,0,1
632.96,37.05,3,108.5,66,0,0,1
785.57,6.25,1,50.2,21,0,0,1
835.74,3.54,1,39.7,25.4,1,1,1
720.96,8.06,1,63.8,7.9,0,0,1
1055.69,4.21,2,79.9,16,0,0,1
541.99,30.12,2,85.2,18.1,0,1,0
1006.5,17.83,4,113.6,63.3,1,0,1
755.88,8.48,2,77.6,5.1,0,0,0
802.9,40,4,130.1,31.6,1,0,0
1176.32,1.5,3,85.5,11.9,0,0,1
1056.95,2.28,2,57.2,41,0,1,1
931.04,2.82,1,58.7,5.5,1,0,1
780.66,18.05,4,109.8,39.7,0,0,0
893.03,14.61,4,114.2,2.3,0,0,0
990.57,6.61,2,70.9,1.9,0,1,1
484.73,22.62,2,72.8,19.9,0,0,0
1327.67,0.81,3,84.8,24.1,1,1,1
585.18,32.18,3,118.4,5.7,0,0,0
1206.78,0.62,2,62.5,2,1,1,1
904.61,7.36,2,80.5,10.8,0,0,1
999.06,12.93,2,79.1,34.7,1,1,1
745.85,2.78,1,51.2,46.2,0,0,0
965.04,10.39,3,100.2,6.6,0,1,0
1030.69,1.46,2,59.8,14.6,1,0,1
952.75,4.3,3,85.8,10,1,0,0
909.27,3.2,1,39,4.4,1,1,1
1414.01,9.28,4,129.2,0.5,1,0,1
479.78,18.46,1,58.3,10.5,0,0,0
670.81,24.28,3,118.9,1.8,0,0,0
881.96,29.16,4,124.4,7.2,1,0,0
879.24,1.83,1,59.1,11.9,1,0,1
869.64,3.09,1,39.8,9.1,1,0,1
796.34,16.66,2,62.7,1.5,1,1,0
684.82,27.5,2,71.2,10.1,1,0,1
674.77,6.23,1,54.1,71.7,1,0,1
1147.95,8.18,3,78.8,31.2,0,1,1
1119.24,14.91,4,114.6,34.6,1,0,1
735.35,14.8,1,70.2,4.6,1,1,0
963.19,10.7,4,110.8,21.4,0,0,0
566.2,22.43,3,93.8,27.2,0,0,0
663.39,10.51,2,78.4,17.3,0,0,0
760.48,34.23,4,154.3,26.9,0,0,0
1070.09,2.22,2,79.7,2.7,0,1,1
1149.39,1.55,2,75.7,28.7,1,1,1
1074.29,11.31,2,74.4,26,1,1,1
887.73,28.71,3,122.5,8.4,1,1,0
1435.59,6.95,5,147.1,15.7,0,0,1
572.31,17.56,2,83.4,16.6,0,0,0
815.62,10.46,2,72.3,10.1,0,1,0
687.19,22.75,3,119.3,7,0,0,0
869.9,34.67,3,119.3,21.3,1,0,1
977.74,17.5,5,161.4,5.4,0,0,0
787.09,8.52,2,70.4,8.7,0,1,0
989.81,23.75,3,139.8,28.6,1,0,1
595.41,6.46,1,35.8,31.4,0,0,0
678.17,23.56,3,115.3,11.1,0,0,0
834.35,11.43,2,75.4,24.2,1,1,0
889.36,1.69,2,42,30,0,0,1
849.56,25.55,3,116.5,4.2,0,0,1
913.43,13.09,3,101.5,28.4,1,0,0
544.04,10.88,1,51.8,40.6,0,1,0
1013.86,4.05,1,52.6,22.4,1,1,1
670.08,15.35,2,83.7,68.3,1,0,0
974.37,14.37,3,94.6,10.6,1,0,1
874.72,16.12,2,83.2,21.5,1,0,1
747.5,28.39,3,109.3,10.2,0,1,0
1325.78,4.66,5,129.6,6.6,0,1,0
1128.67,3.18,2,84.2,9.7,1,1,1
495.07,27.61,2,86.5,29.8,0,0,0
940.13,6.49,2,87,12.1,1,1,0
780.62,13.09,2,76.6,15.2,0,0,1
946.58,27.12,3,108.2,12.5,0,1,1
1072.62,10.43,3,98.2,32,0,1,1
706.34,4.96,1,42.4,9.3,1,1,0
889.54,29.02,3,123.5,25.2,1,1,0
1004.97,7.42,2,93.7,17.5,0,1,1
710.39,3.31,1,52.8,5.2,0,0,0
1077.39,12.33,3,99.4,36.2,0,1,1
1356.59,1.8,4,118.4,14.3,0,0,1
691.06,14.01,1,56.3,7.1,1,0,1
1295.05,7.43,4,113.6,6.9,0,1,1
925.27,5.72,2,75.9,32.1,1,0,1
633.2,18.36,2,73.6,5.2,1,0,0
1232.12,1.52,2,84.7,16.6,1,1,1
995.14,4.06,2,80.1,13.1,1,0,1
652.97,34.79,3,96.9,20.1,0,1,0
644.91,23.95,3,123.1,4.3,0,0,0
842.01,13.89,2,86.7,19.2,0,0,1
788.12,12.09,1,58.4,18.2,1,1,1
773.09,17.22,1,62.7,2.7,1,0,1
832.75,8.61,2,102.7,15.6,0,0,0
917.26,23.41,4,136.9,5.4,0,1,0
824.02,31.39,3,118.6,14.8,1,0,0
789.34,4.43,2,47.6,7.2,1,1,0
1131.36,2.77,3,118,30.4,1,1,0
909.93,9.36,2,75.4,12.1,1,0,1
1171.18,3.37,2,78.7,14.7,1,1,1
516.43,11.96,1,64.8,42.3,0,0,0
975.6,7.48,2,80,9.6,0,1,1
981.6,12.74,3,119.4,25.5,0,0,1
749.71,16.43,2,86.5,16.3,1,1,0
1023.11,36.63,4,140.4,6.2,1,1,0
969.14,6.74,3,76.1,48.7,1,0,1
1148.24,20.54,4,147.5,20.3,1,0,1
536.38,21.53,2,88.2,40,0,0,0
606.96,15.55,2,60,3.4,0,0,0
1232.92,2.66,3,97,15.6,0,0,1
845.53,2.76,1,49,7.6,0,1,0
881.52,17.19,2,91.1,12.2,1,0,1
1101.24,14.61,3,88,14.1,0,1,1
619.62,29.22,3,105,10.6,0,0,0
916.17,6.89,1,59.6,16.5,1,0,1
1156.09,2.19,3,81.6,3.8,1,1,0
848.75,8.09,2,71.3,13.1,0,0,1
930.03,8.78,3,108.3,5.9,0,0,0
765.37,29.18,3,104.3,37.1,0,0,1
662.82,34.83,1,86.7,8.8,1,1,0
1082.28,11.54,2,101.6,13.8,1,1,1
1172.14,2.46,2,81.8,14.7,0,1,1
1223.13,6.23,4,130.7,27.8,0,0,1
770.41,8.9,1,42.7,10.3,0,1,1
1007.54,31,3,129.1,10,0,1,1
947.05,9.52,4,127.6,11.8,0,0,0
494.9,27.58,1,100.7,12.6,0,0,0
556.73,23.81,3,80.7,17.6,0,0,0
914.95,16.98,3,97.3,24.7,0,0,1
920.44,1.47,1,44.2,8.9,1,0,1
932.23,2.16,2,46.3,8.4,0,0,1
1184.69,11.79,4,113.6,27.6,1,0,1
695.85,14.87,2,92.6,38.8,0,0,0
539.67,30.54,3,87.7,50.9,0,0,0
680.84,20.45,2,81.8,3.1,1,0,0
1046.02,3.53,3,109.7,21.6,0,0,0
819.64,33.01,2,93.2,13.7,1,0,1
728.93,8.79,2,73.5,17.6,0,0,0
1430.4,9.92,5,157.4,13.4,1,0,1
707.94,6.23,1,48.6,12.5,0,1,0
574.17,9.57,1,41.4,22.1,0,1,0
626.91,20.47,2,79.7,36.7,0,0,0
936.86,10.35,2,93.9,40.8,0,0,1
1016,3.7,2,69.1,13.6,1,0,1
810.23,26.09,4,119.2,18.7,0,0,0
842.95,7.25,2,77.5,14.2,1,0,0
777.72,17.33,3,108,25.3,1,0,0
832.32,9.1,2,75.1,19.7,0,0,1
805.64,12.15,3,118.4,39.9,0,0,0
799.18,25.05,3,110.9,14.6,0,1,0
741.74,4.72,1,45.4,18.8,0,0,1
975.04,33.82,4,148.4,2.8,0,1,0
974.21,9.63,4,133.2,26.6,0,0,0
1218.79,3.89,3,91,9.7,0,1,1
793.39,11.03,3,101.5,91.5,1,0,0
987.39,9.11,4,110.4,5.4,0,1,0
930.52,3.62,1,56,7.5,1,1,1
610.46,9.39,2,52.3,17,0,0,0
698.25,23.28,3,124.6,4.4,0,0,0
873.5,2.32,1,58.2,32.6,1,0,1
956.78,6.78,3,92.3,3.5,0,1,0
948.37,3.63,1,51.9,13.2,1,1,1
1276.33,0.94,4,104.6,15.8,1,1,0
586.1,40,2,101.4,24.7,0,1,0
1206.78,12.02,4,118.6,38.5,1,0,1
1034.74,12.09,4,124.7,12.2,1,0,0
859.53,3.21,1,65.4,46.8,1,0,1
645.58,9.21,1,35,11.3,1,0,0
1036.09,5.82,2,90.1,22.6,1,0,1
609.83,20.21,2,88.2,6.1,0,0,0
1302.93,2.24,4,95,22.8,1,0,1
1103.86,8.59,3,102.1,11,1,0,1
647.46,12.31,1,45.2,10.1,0,0,1
501.26,13.51,1,54.4,15.7,0,1,0
929.38,6.86,2,68.5,26.7,0,0,1
747.32,8.32,2,66,77,1,1,0
696.74,23.03,3,98.5,32.5,0,1,0
1080.91,9.62,3,92.9,28.3,1,0,1
1083.06,4.11,3,82.2,10,0,0,1
803.06,27.29,3,107.6,29.5,1,0,0
754.4,13.35,2,84.8,65.2,0,1,0
1213.39,1.76,2,88.5,17.1,1,0,1
516.65,31.65,2,96.7,22.6,0,0,0
853.92,19.24,3,109,14.8,0,1,0
465.5,14.98,1,80.4,22.1,0,0,0
835.98,10.38,3,114.9,34.9,0,0,0
942,10.41,2,93.5,10.2,0,0,1
702.96,38.95,3,129.6,14.3,0,0,0
945.88,2.27,1,72.3,19.2,0,0,1
1084.66,5.34,3,109.9,12.1,1,0,0
939.47,22.7,3,98.7,3.3,1,0,1
521.65,30.61,2,100,30.1,0,1,0
648.4,25.68,2,87.1,8.9,0,1,0
880.64,17.45,3,103.2,26.6,1,1,0
1058.48,1.84,2,68.7,14.8,1,0,1
1011.82,3.84,2,82.4,37.6,0,0,1
898.06,32.72,5,146.1,66.2,1,0,0
876.87,1.7,2,53.7,22.1,0,1,0
757.1,13.29,2,71.1,19.4,1,0,0
875.45,4.31,1,59.6,2.4,1,0,1
750.15,17.06,2,102.1,21.2,0,1,0
470.57,22.74,1,43.3,13.2,1,1,0
889.87,3.92,3,88.8,12.3,0,0,0
788.23,2.52,2,55.6,6.3,0,0,0
721.86,12.54,2,70.5,27.8,1,0,0
914.35,36.25,4,131.8,34.1,0,0,1
992.07,8.04,3,103.7,32,1,0,0
788.77,21.4,2,75.1,47.3,1,0,1
506.36,21.04,2,69.3,76.3,0,0,0
1301.75,7.6,3,95.8,3,1,1,1
558.36,22.58,2,83.2,29.1,0,0,0
835.39,7.27,1,35,2.5,1,0,1
540.68,25.01,3,97.5,9.4,0,0,0
866.49,20.48,3,114.2,5.1,0,1,0
902.79,22.37,4,117.9,10.8,0,0,0
520.98,14.04,2,75,22.7,0,0,0
682.45,8.26,1,48.8,20.9,1,1,0
401.9,18.44,1,59.3,31.8,0,0,0
1118.69,7.76,3,106,38.3,1,0,1
945.09,13.94,3,113.5,9.2,1,0,0
1048.7,12.43,4,124.1,34.4,0,1,0
908.93,7.26,2,56.5,16.6,1,0,1
968.85,18.94,3,109.2,38.3,1,0,1
759.77,5.01,1,37.5,15.9,0,0,1
778.35,5.86,1,57,14.3,0,1,0
482.82,19.34,1,72.1,29,0,1,0
774,27.05,3,143.4,5.6,0,0,0
1243.92,5.06,4,138.4,14.4,0,0,1
785.3,13.48,3,99.6,24.4,0,0,0
388.48,18.44,1,50.2,22.4,0,0,0
858.65,2.53,1,41.4,12.1,0,1,1
501.37,25.19,1,69.7,28.8,1,0,0
1124.46,2.22,3,77.5,27,0,0,1
820.37,9.9,2,66.9,9,0,0,1
668.99,14.84,1,73.3,16.1,1,0,1
634.08,31.98,2,101.3,1.2,0,1,0
922.87,8.59,2,74.9,9.7,1,0,1
980.54,8.61,2,81.2,32.9,0,1,1
801.18,12.66,3,95,20.5,0,0,0
857.73,11.91,3,93.7,19.6,0,1,0
987.87,25.83,4,120,14,0,0,1
1029.25,22.76,3,122,4.3,1,0,1
738.83,35.53,5,168.7,45.3,0,0,0
887.09,2.66,1,35,28.9,1,1,1
848.68,15.76,2,82.4,15.3,0,1,1
861.09,6.77,2,88.2,18.6,0,1,0
928.51,12.63,2,91.8,14.7,0,0,1
532.58,32.02,2,81.2,4,0,0,0
1046.82,4.19,3,99.4,4,0,0,1
761.49,2.65,1,35,13.7,1,0,0
907.47,2.13,1,56.8,56.4,1,0,1
754.7,29.92,3,106.6,38.1,1,0,0
729.88,23.43,3,126.5,7.7,0,0,0
584.3,21.98,2,78.1,2.5,0,0,0
748.95,10.36,1,64.7,21.1,1,0,0
1346.61,1.11,3,96.6,5.7,1,0,1
933.1,2.12,2,69,55.5,0,0,1
502.31,34.24,2,112.6,6.3,0,0,0
781.94,15.02,3,114.5,31,0,0,0
995.96,10.21,2,87.8,14.5,1,0,1
466.66,30.09,2,103.7,27.3,0,0,0
957.39,22.37,3,114.1,10.9,0,0,1
664.01,9.13,2,58.7,10.9,0,0,0
845.93,10.25,2,73.3,5.2,1,1,0
774.75,6.7,1,65.5,7.5,0,0,0
963.71,3.29,2,63.4,49.7,1,0,1
1217.86,14.61,4,144.5,29,0,0,1
873.96,8.43,1,60.7,38.4,1,1,1
717.06,12.67,1,75,31.5,1,0,1
1112.33,4.79,2,62.8,14.5,1,1,1
1000.7,8.35,3,110.5,11.4,1,0,0
905.42,16.77,2,78,2.3,1,1,0
760.96,20.47,3,97.6,17.6,0,1,0
958.41,10.66,2,79.6,9.4,0,1,0
1311.38,11.51,5,142,26.4,0,0,1
672.12,9.28,2,61.4,9.8,0,0,0
626.82,6.36,1,37.2,17.8,0,1,0
776.93,13.58,3,83.8,27.5,0,0,0
697.68,2.35,1,45.4,17.2,0,0,1
394.39,26.44,1,67.7,25.5,0,0,1
853.03,33.95,2,103.9,9.8,1,0,1
1190.4,2.02,3,98.6,17.9,1,0,1
977.28,22.74,5,144.8,12.9,0,0,0
991.23,21.8,3,137.8,36.2,1,0,1
580.83,22.55,1,76.2,26.1,1,0,0
655.22,21.02,2,91.3,1.1,0,0,0
840.94,7.29,2,53.3,7,0,1,0
1045.56,11.64,3,101.3,22.6,1,0,1
577.72,12.34,1,35,26.2,1,0,1
981.07,3.66,2,98.2,18.7,0,0,0
566.99,10.45,1,43,18.3,0,1,0
978.05,29.8,3,130.2,25.7,1,1,0
1046.19,8.38,3,109.2,4.8,1,0,0
1150.63,23.9,3,142.2,12.6,1,1,1
973.62,3.66,1,55.9,14.4,1,1,1
693.18,18.75,2,86.3,33.4,0,0,1
929.73,10.03,3,91.5,16.2,1,0,0
1036.46,22.52,3,124.7,5.9,1,0,1
739.26,15.07,3,91.9,4.7,0,0,0
761.86,2.11,1,39.4,20.4,1,0,0
923.74,10.82,3,86.6,23.4,1,0,0
469.85,32.49,2,87.7,4.1,0,0,0
1281.95,4.91,4,118.8,8,0,0,1
732.05,14.15,1,60.9,13.8,1,0,1
837.54,10.66,1,67.5,12.3,1,0,1
721.32,13.39,3,104.8,13.5,0,0,0
1081.16,4.73,2,84.8,59.3,0,1,1
833.15,3.54,1,59.3,29.4,0,0,1
1016.97,6.74,2,76.5,23.9,1,1,1
708.94,5.4,1,65.1,12.4,0,0,0
1048.07,8.23,3,97.6,13.8,0,0,1
1249.16,2.69,3,100.2,5.5,1,1,0
558.83,25.07,2,73.2,4.5,0,1,0
1153.43,8.03,5,151.4,23,1,0,0
1383.89,11.11,4,129.5,27.9,1,1,1
569.75,31.68,2,98,37.2,0,0,0
1095.09,11.01,4,106.9,18.5,0,0,1
900.48,11.74,5,117.5,35.5,0,0,0
719.66,35.11,5,168.9,51.4,0,0,0
519.9,22.22,2,87.7,24.7,0,0,0
726.5,30.52,3,135.3,8.7,0,1,0
612.91,6.46,1,59,5.3,0,1,0
606.96,9.19,1,47.5,13.9,1,0,1
916.28,25.82,4,142.6,10,1,0,0
667.87,30.45,3,114.3,25.8,0,0,0
1006.54,8.38,2,76.3,9.7,1,0,1
798.98,23.86,4,136.8,14.8,0,0,0
784.18,12.25,2,85.5,16.2,0,1,0
1197.57,8.19,3,112.6,20.1,1,0,1
903.11,4.31,1,35,12,1,1,1
804.82,3.21,1,37.7,81.5,1,1,1
886.2,10.82,2,93.2,20.9,0,0,1
1190.82,9.79,4,107.5,18,0,0,1
789,10.1,1,58.6,3.4,0,1,1
886.52,12.6,3,99.4,10.6,0,0,0
1180.37,11.26,5,161.4,8.6,1,0,0
771.04,12.02,1,60.6,10,0,1,1
694.73,30.43,4,131,34.5,0,0,0
809.98,33.62,4,129.3,31.1,1,0,0
792.33,26.79,3,127.4,19.8,1,0,0
1109.05,5.18,4,114.9,16.7,1,0,0
643.62,28.48,3,131.8,15.5,0,0,0
699.38,23.96,1,67,51.9,1,1,1
986.23,13.1,4,126.2,7.7,1,0,0
977.72,13.68,2,84.5,22.1,1,0,1
838.21,4.44,1,66.4,30.4,0,0,1
1125.42,6.28,3,109.3,47.5,0,1,1
1104.16,3.84,2,63.3,27.4,1,1,1
753.85,15.5,2,92.1,8.5,0,0,0
961.83,11.26,2,70.5,24.5,1,0,1
672.87,4.88,1,61,35.8,1,0,0
1019.34,13.07,3,83.8,8.1,1,0,1
1227.45,2.14,3,97.4,12.4,0,0,1
739.47,3.72,1,47.1,27.9,1,1,0
795.22,25.16,3,121.4,6.9,1,0,0
832.62,22.57,3,104.9,24.3,0,0,1
521.04,11.37,1,60.2,28.9,0,0,0
864.8,14.24,2,81.6,42.8,1,0,1
750.41,28.31,4,134.7,36.9,0,0,0
521.32,18.25,2,78.8,65.9,0,0,0
981.85,11.16,3,93.1,10.9,1,1,0
483.25,34.49,2,91.5,18.3,0,0,0
827.28,8.24,1,35,19.2,1,1,1
732.89,11.08,1,51.1,38.5,1,0,1
915.96,3.75,2,71.9,17.7,0,1,0
969.91,2.24,2,46.7,11,0,0,1
568.72,14.3,2,77.3,49.4,0,0,0
953.74,10.04,2,91,34.4,1,0,1
532.83,11.58,1,44.8,14.9,0,1,0
568.83,17.44,1,70.5,15,0,1,0
946.39,4.99,3,84.3,10.5,0,0,0
401.15,27.92,2,99.8,37.2,0,0,0
735.15,33.85,3,117.5,28.1,1,0,0
914.02,9.9,3,76.8,32.5,0,0,1
957.19,4.5,1,64.5,14.9,1,1,1
1189.68,14.31,3,103.7,5.1,1,1,1
838.14,14.31,3,108,27.3,1,0,0
1130.48,8.88,3,88,24.9,1,1,1
892.72,2.84,1,35,7.6,1,1,1
754.11,5.91,1,46.2,12.2,1,0,1
845.04,15.64,4,139,16.7,0,0,0
829.69,1.12,1,59.1,32.9,1,0,0
884.34,3.86,2,76.1,11.4,1,0,0
846.79,18.3,2,74.2,33.2,1,1,1
680.22,8.3,1,41.8,12.1,1,0,0
1193.47,16.48,4,125.6,0.4,1,0,1
562.18,21.89,2,97.4,43.8,0,0,0
844.77,25.33,3,128.3,41.3,1,0,0
744.39,27.8,3,103.3,19.9,1,0,0
704.08,9.69,3,76.2,20.8,0,0,0
695.82,21.68,3,108.9,14.7,0,0,0
999.59,17.35,3,97.4,8.3,1,0,1
635.42,39.01,3,128,9.5,0,0,0
977.7,8.61,3,105.6,9.9,1,0,0
1124.6,20.23,3,124.5,22.6,1,1,1
1331.95,1.2,3,90.9,9,1,0,1
501.83,32.89,2,101.8,21.5,0,0,0
610.78,13.11,1,59,16.3,1,0,1
721.44,13.63,3,99,7.8,0,0,0
930.9,12.97,3,88.5,29,0,0,1
950.93,25.85,5,150.8,14.5,1,0,0
580.1,32.37,2,94.6,31.3,0,1,0
787.12,3.51,1,43.5,5.7,0,1,1
1327.68,3.18,3,111.5,1.2,0,1,1
714.84,5.65,2,59,19.6,0,0,0
720.15,15.36,2,90.8,27.3,1,0,0
1022.12,7.9,4,107.4,13.7,1,0,0
745.42,17.12,3,113.5,21,0,0,0
1035.01,11.64,3,97.9,10,0,0,1
931.23,11.3,3,99.8,12.2,0,1,0
701.65,4.88,1,46.4,43.2,1,0,1
1422.54,2.89,3,98.7,8.4,1,1,1
489.86,11.65,1,52.9,24.4,0,0,0
390.45,22.28,1,39.5,17.2,0,0,0
819.4,34.83,5,164,35.6,0,0,0
798.49,22.79,4,142.6,10.6,0,0,0
768.05,8.92,2,47.2,0.8,1,1,0
1114.73,9.6,3,97.7,3.7,1,0,1
891.23,8.9,2,63.4,7.5,0,0,1
663.14,15.99,1,51.2,34.8,0,0,1
960.45,25.79,4,138.8,41.7,0,0,1
859.55,11.9,2,78.2,1.8,0,0,1
1287.95,22,4,139.7,5.1,1,0,1
1021.21,16.49,4,155,52.1,0,1,0
996.84,21.04,3,94.6,24,1,0,1
1190.95,13.49,4,120.2,16.1,0,0,1
997.63,8.48,2,80.8,11.3,1,0,1
722.19,34.02,4,128.6,11.8,0,0,0
1202.42,21.26,4,131,3,1,0,1
949.86,32.27,4,145.7,13,0,0,1
1232.82,0.91,3,74.9,41.7,1,0,1
596.29,7.75,1,35,35.3,0,1,0
991.02,20.84,3,103.9,29.5,1,0,1
833.71,5.89,1,57.9,20,0,0,1
496.2,13.45,1,52,13.9,0,0,0
774.67,15.62,2,75.4,3.9,1,0,0
1108.72,4.55,3,65.2,13.6,0,0,1
1070.19,2.65,2,88.8,15.4,0,0,1
825.68,3.58,2,49.5,18.4,0,0,1
1116.85,2.96,2,81.9,24,0,1,1
1042.02,12.67,2,83.7,30.7,1,1,1
767.86,17.32,3,114.9,35.4,0,1,0
921.31,2.55,1,50.2,10,1,1,1
1025.72,11.27,3,89.2,1.9,0,0,1
703.39,29.66,4,132,7.8,0,0,0
859.35,7.15,3,92.5,6.9,0,0,0
586.01,16.61,1,56.2,5.2,0,0,1
746.67,26.62,2,100.8,1.5,1,0,0
1218.06,11.07,4,131.8,7.2,1,0,1
786.9,1.68,1,49.1,7.5,0,1,0
622.81,25.59,3,105,12.3,0,0,0
1276.54,12.53,4,137.9,9.4,0,0,1
992.26,6.31,2,87.6,8.1,0,0,1
1193.22,9.63,5,147.2,9.4,1,0,0
992.05,12.55,4,127.5,14.9,1,0,0
912.33,6.37,1,35,24.4,1,1,1
888.24,10.66,2,70.5,6.4,1,0,1
1051.14,10.96,3,97.9,23.8,1,0,1
1001.49,6.1,2,78,12.7,1,1,0
942.39,6.12,2,60.8,18,1,0,1
812.72,4.7,2,65.9,17.8,1,0,0
714.43,29.04,3,119.3,26.3,0,1,0
1091.22,29.82,3,113.2,4.6,1,1,1
510.13,14.58,2,64.7,47.2,0,0,0
986.55,10.92,3,85.6,9.2,0,1,0
983.43,1.54,1,48.5,12.2,1,1,1
446.19,21.34,2,76.4,18.5,0,0,0
1142.61,7,4,126.6,27.8,0,1,0
861.24,4.74,2,70.9,15.7,1,0,0
990.26,13.36,2,90.9,4.1,1,0,1
465.64,15.56,1,67.7,44.1,0,0,0
863.14,16.81,2,83.5,10.8,1,1,1
752.75,40,4,163.7,7.7,0,0,0
754.19,15.27,3,116.5,13.8,0,0,0
1167.57,7.53,3,106.9,40.4,0,1,1
1224.5,2.84,3,103.7,10.2,0,1,1
557.17,25.72,2,92.2,10,0,0,0
627.02,13.92,1,56.7,10.1,0,1,0
1296.58,2.98,3,107,22.4,1,0,1
1343.69,12.16,5,165.5,39.5,1,1,0
572.94,16.74,1,75.1,13.9,0,0,0
690.58,13.46,2,88.5,37.7,0,1,0
831.8,10.14,3,100,10.1,0,0,0
788.18,3.57,1,40.2,11.8,0,1,1
999.38,23.85,4,128.5,13.9,0,0,1
880.33,5.29,2,63.9,15.9,1,0,1
796.42,3.06,2,38.2,37.6,0,0,1
767.39,8.07,1,45.4,32.5,1,1,1
639.55,12.44,2,61.8,5.3,0,0,0
609.57,25.21,2,70.8,8,1,1,0
1151.82,3.57,2,79,9.6,1,1,1
700.38,4.22,1,38,47.3,1,0,1
1016.91,5.13,3,90.3,3.7,1,0,0
717.51,25.82,2,92.6,3.9,1,0,0
710.23,13.05,2,100.1,43.6,0,1,0
571.96,21.91,1,62.9,14.1,1,0,0
997.73,33.47,5,163.3,16.9,1,0,0
1055.66,10.63,4,140.9,3.8,0,1,0
999.63,16.61,3,102.2,10.1,0,0,1
690.16,33.69,2,110.4,28.9,1,1,0
931.12,1.46,1,59.5,5.5,1,0,1
1230.06,8.25,4,117.1,3.4,0,0,1
1014.56,7.74,3,87.9,25.7,1,1,0
799.38,24.61,4,119.6,14.6,0,0,0
1020.53,28.09,4,135.6,2.8,0,0,1
795.61,20.49,2,96.6,5.6,1,0,0
880.55,17.48,3,99.7,5.2,0,1,0
1363.56,13.56,4,135.4,14.5,1,0,1
642.06,6.96,1,56.2,13.6,1,0,0
777.06,3.88,1,35,14.5,0,0,1
812.79,37.59,3,113.1,13.1,1,0,0
855.78,11.76,3,100.4,8.4,0,0,0
874.95,35.19,4,133.2,18.6,1,0,0
702.4,24.56,4,116.7,19.3,0,0,0
946.02,11.08,3,103.4,11.8,0,1,0
934.18,9.96,2,58.8,18.9,1,0,1
1118.2,7.07,3,121,10.7,0,1,0
1058.94,6.3,4,97.7,12.4,1,0,0
784.24,4.73,1,44.4,15.4,1,0,1
1109.98,2.74,4,128.3,26.5,0,0,0
780.65,28.79,4,132.1,25.4,0,0,0
667.1,17.91,2,86.4,34.4,1,0,0
832.76,2.73,1,58.5,14.6,1,0,0
815.81,27.66,4,141.6,14.3,0,0,0
1110.52,2.19,2,66.9,14.2,1,0,1
748.76,14.28,2,82.8,38.8,1,1,0
1065.6,8.32,2,86.2,42.5,1,1,1
716.35,4.17,1,51.1,33.1,0,1,0
1136.55,3.73,2,87.4,8.9,0,1,1
674.08,35.94,2,107.2,28.5,1,0,0
1165.48,3.84,2,93.1,18.9,1,1,1
845.64,11.2,3,103,11.7,0,0,0
852.87,11.04,2,66.1,14.5,1,1,0
845.5,17.15,2,86.9,29.8,1,0,1
827.79,12.03,3,74.9,12.8,1,0,0
804.75,5.79,1,44.9,3.3,1,0,1
610.25,15.76,1,55.2,18.2,1,0,1
1049.82,10.68,4,129.2,33.5,1,0,0
623.7,21.95,1,92.6,3.5,0,1,0
529.72,10.58,1,35,37.3,0,1,0
536.54,12.37,1,54.3,9.6,0,1,0
769.55,6.03,1,54.9,29.3,1,0,1
917.37,14.77,4,134.5,24.7,0,0,0
833.1,13.34,3,85.9,20.7,0,1,0
1046.64,1.95,2,83.8,18.7,0,0,1
822.13,19.83,3,104.9,3,1,0,0
1064.46,3.49,2,70.9,23.6,0,1,1
1205.4,3.31,3,88.6,11.1,0,1,1
773.41,26.43,3,112.8,7.5,0,0,0
1029.55,3.75,2,74,4.7,1,1,0
910.04,1.69,2,66.3,19.2,1,0,0
552.76,22.4,2,71.7,10.9,0,0,0
685.99,11.53,2,62.3,16.7,0,0,0
841.62,7.11,2,64.8,17.6,0,1,0
649.18,17.34,3,106.3,31.2,0,0,0
716.47,18.19,2,77.7,18.1,0,0,1
583.61,35.22,2,84.4,10,1,0,0
918.74,2.93,2,83.7,5.1,1,0,0
686.7,16.65,2,83.3,16.4,1,0,0
743.82,15.9,3,95.1,20.7,0,0,0
713.23,19.74,2,82.2,14.3,0,0,1
869.06,4.48,2,74.8,21,0,1,0
732.05,15.8,2,70.1,3.2,1,0,0
842.41,4.12,2,84.5,42.1,1,0,0
851.66,2.22,1,46.7,25.8,0,0,1
452.9,12.85,1,35.9,36.1,1,0,0
893.62,17.31,3,112.2,7,1,0,0
935.64,14.14,2,91,37,1,1,1
705.58,7.76,1,39.5,22.6,1,1,0
1405.22,1.46,3,86,7.3,1,1,1
1128.8,1.61,2,76.2,15.1,1,0,1
927.5,21.38,4,131.1,22,1,0,0
1050.3,9.77,4,105.1,11.2,1,0,0
926.86,8.5,1,65.4,13.2,1,0,1
1064.47,14.73,5,151.5,1.6,0,0,0
546.14,19.92,2,80,29.3,0,0,0
749.01,12.52,1,46.2,4.5,1,0,1
793.61,1.96,1,35,10.1,0,1,1
1211.01,5.15,4,115.9,7.7,1,0,0
883.83,7.63,2,59.6,18.9,0,1,1
1019.98,21.21,3,99.4,12.5,1,1,1
1186.56,4.18,3,100.1,12.4,1,0,1
436.26,22.54,2,72.1,13.1,0,0,0
1099.27,27.89,4,150.5,18.5,0,1,1
868.91,4.89,2,73.9,11,1,0,0
730.1,10.34,1,65.7,87.5,1,0,1
722.51,8.03,1,51.1,16,1,0,0
792.45,3.05,1,35,69.2,0,1,1
468.88,36.1,2,103.9,41.1,0,0,0
813.15,13.17,2,93.3,28.9,0,1,0
796.81,37.58,5,163.7,39.3,0,0,0
572.97,11.98,1,45.4,30.5,1,0,0
543.9,9.62,1,56.5,25.7,0,0,0
689.24,23.1,3,113.8,15.3,0,0,0
867.58,21.1,2,100.5,35.3,1,0,1
779.2,4.45,1,58.1,12.1,0,0,1
1021.82,9.31,2,81.7,19.4,0,0,1
811.93,16.23,3,117,14.3,0,0,0
769.58,17.9,2,96.9,11.5,0,0,1
1121.43,1.87,4,108.8,18.5,1,0,0
717.21,11.31,2,75.5,42,0,0,0
688.25,21.49,3,111.9,18.2,0,0,0
603.84,10.07,1,38.8,34.1,0,1,1
765.32,15.34,3,81.7,15.3,0,1,0
725.6,23.45,3,95.6,10.1,0,0,0
688.7,18.2,1,73,11.4,0,1,1
877.15,7.19,2,56.7,24.9,1,1,1
867.42,12.14,3,82.2,7.2,0,1,0
706.98,10.15,1,52.7,20,0,0,1
867.21,3.55,2,68.9,23,0,0,1
770.16,3.09,1,35,16.2,0,0,1
647.96,8.02,1,62.9,28.3,0,1,0
886.76,12.81,4,100.2,4.8,0,0,0
1003.76,9.75,3,97,29.4,0,0,1
1043.91,28.83,5,169.9,22.5,0,1,0
1237.25,5.66,4,92.4,24.7,1,0,1
880.24,7.93,1,58,10.8,1,1,1
473.05,31.73,1,65.8,5,0,0,1
1308.36,2.21,3,95.5,10.7,1,0,1
820.73,5.08,1,51.8,35.3,1,1,1
854.47,3.41,2,66,3.6,1,0,0
1051.5,2.55,1,71,12.9,1,1,1
1262.15,0.95,3,74.5,10.7,1,0,1
758.09,12.57,2,85,28.7,1,0,0
969.73,33.33,4,140.1,20.2,1,1,0
1469.06,2.43,5,163.6,6.6,1,1,0
724.59,3.5,1,55.5,10.8,0,0,0
1103.1,2.94,3,80.9,16.3,0,0,1
959.46,14.52,2,88.2,13.4,0,1,1
903.51,6.25,3,96.1,7.2,0,0,0
787.89,27.37,4,121.1,18.4,0,0,0
1003.85,25.36,4,131.7,14.4,0,1,0
1178.8,1.47,2,61.6,14.5,1,1,1
1103.76,9.12,2,113.6,28.9,1,1,1
612.8,34.76,2,103.3,4.7,0,1,0
863.32,3.53,1,37,15.4,1,1,1
1013.54,8.69,3,98,42.2,0,0,1
867.57,20.01,3,117.2,27,1,0,0
756.95,30.36,3,124.6,29.7,0,0,1
1321.65,2.02,3,88.6,6.6,1,1,1
560.24,11.29,1,44.2,18.6,0,0,0
1029.45,4.13,3,92.7,41.4,0,1,0
774.48,15.03,1,57.6,8,1,0,1
454.24,9.88,1,35,14.1,0,0,0
948.22,4.52,2,63.4,14,0,0,1
789.69,8.77,3,81.8,23.7,0,0,0
834.9,2.59,1,54.8,52.7,0,0,1
884.36,3.61,1,50.6,24.8,1,1,1
495.1,18.61,2,72.6,19.9,0,0,0
1081.43,3.27,2,76,3.1,1,0,1
1079.93,8.17,3,94.5,30,1,1,0
898.69,1.68,1,35,22.6,1,1,1
994.13,10.28,4,109.9,78.6,1,0,0
1235.22,8.99,3,82.6,15,1,1,1
608.75,26.78,3,101.5,26.8,0,0,0
787.04,7.07,1,64.9,39.7,1,0,1
1405.63,3.89,4,116.2,4.8,1,0,1
982.72,1.5,1,51.3,9.5,1,1,1
609.3,8.14,1,56.3,34.2,1,0,0
939,19.66,3,111.5,2.6,0,0,1
569.15,11.43,1,49,33.8,1,0,0
858.8,14.11,3,81.3,6.3,1,0,0
1080.48,13.51,3,107.6,12.1,1,0,1
766.23,9.22,2,93.4,32.6,1,0,0
1227.4,5.88,4,107.5,26.6,0,0,1
963.12,1.17,1,56.5,17.2,1,1,1
948.6,1.56,1,73.7,20.9,0,1,0
1103.26,14.62,3,107.8,22.3,1,0,1
963.54,16.82,3,108.4,26,0,0,1
649.69,12.07,1,81.5,9,0,1,0
814.93,2.34,1,35,7.1,1,1,0
828.9,11.55,3,108.2,35.4,0,0,0
1044.2,17.25,3,118,7.7,1,0,1
919.92,3.68,2,58.1,15.7,1,1,0
468.17,32.98,1,83,32.3,0,0,1
659.88,12.92,1,37.6,5.3,0,0,1
996.76,4.13,2,92,7.1,0,1,0
1234.36,11.74,4,135.4,29.6,1,0,1
870.72,16.45,3,97.9,29.6,1,0,0
713.32,7.16,1,50.2,30.8,1,1,0
979.08,3.47,2,72.4,36.1,0,1,1
808.67,21.01,4,121.7,5.4,0,0,0
511.88,15.34,1,64.6,4,0,0,0
1124.01,1.73,2,68.2,9.9,1,0,1
921.2,12.39,2,112.5,17.5,1,0,1
770.54,4.97,1,45.2,41.2,0,1,1
1212.01,8.4,4,118,21.7,1,0,1
1339.77,9.67,4,106.2,20.1,0,1,1
1143.12,11.92,3,108.9,8.4,0,1,1
964.21,8.88,3,107.1,16.5,1,0,0
577.79,5.94,1,52.7,11.4,0,0,0
518.56,18.66,2,76.8,5.2,0,0,0
790.1,2.6,1,48.7,5.4,0,1,0
727.25,3.98,2,67.1,15.9,0,0,0
789.15,6.63,1,65.1,30.6,1,1,0
996.71,23.66,4,148.8,16.5,1,0,0
1129.28,11.02,3,104.9,12.6,1,0,1
772.66,8.23,3,85.9,34.8,0,0,0
1095.37,10.29,3,88.3,27.6,0,1,1
761.91,13.18,2,78.8,30,1,0,0
580.8,19.1,2,102.8,73.4,0,1,0
508.26,23.1,2,71.7,6.6,0,0,0
625.19,13.13,2,72.1,31,0,0,0
650.52,13.61,2,86.3,8.6,0,0,0
600.56,21.35,2,88.5,3.7,0,0,0
752.94,13.98,2,95.9,5.1,0,0,0
981.32,6.88,2,86,30.2,1,0,1
1023.64,13.11,3,95.8,23.9,1,0,1
871.52,23.03,2,103.5,8.4,0,1,1
770.46,8.53,2,63.1,24.3,1,0,0
944.62,7.94,1,80.8,2.7,1,1,1
1218.43,7.47,3,101.1,20.2,1,0,1
716.68,4.97,1,75.5,72.6,1,0,0
979.26,6.95,3,90.5,15.2,0,1,0
1168.36,4.63,2,83.1,17.3,0,1,1
898.65,5.09,1,71.8,24.4,1,0,1
950.66,29.42,5,135.5,9.2,1,0,0
884.14,5.38,2,54.5,13.7,1,0,1
1181.42,17.24,5,138.5,24.7,1,1,0
890.28,3.04,1,36.3,23.9,1,1,1
711.23,11.04,1,49.9,46.6,1,0,1
558.82,8.49,1,35,69.7,0,1,0
770.28,2.39,1,45.7,16.1,0,0,1
820.92,32.77,3,115.8,12.6,1,0,0
925.13,6.22,1,48.1,6.2,1,1,1
673.87,11.55,1,63,6.4,1,0,0
839.5,4.01,1,44.2,11.7,1,0,1
1097.32,1.94,2,63.2,9.7,1,0,1
1258.38,6.91,4,119.4,44.1,1,0,1
1052.19,4.19,2,69.4,7.9,0,1,1
578.55,12.98,1,76.5,58.6,0,0,1
727.06,9.49,1,58.4,27.3,0,0,1
630.74,23.32,2,83.9,0.3,0,1,0
969.06,7.41,4,112.6,6.7,0,0,0
1098.59,6.69,3,99.9,14.9,1,1,0
776.25,40,4,126.9,23.6,0,1,0
616.81,11.44,1,73.3,50.4,0,1,0
816.52,22.85,4,121.8,19.1,0,0,0
926.79,5.36,2,85.3,41.6,1,0,0
776.1,16.21,1,64.9,21.8,1,0,1
826.47,25.76,5,143.3,11.8,0,0,0
859.96,11.36,3,98,14.1,1,0,0
1117.17,1.26,2,85.7,10.6,1,0,1
1165.26,2.02,2,86,13.8,1,0,1
787.83,6.41,1,50.9,15.5,1,0,1
768.45,8.54,2,82.8,11.3,0,0,0
1234.1,6.2,3,123.3,21.7,1,0,1
909.5,2.2,2,48.1,10.8,0,0,1
868.92,12.07,2,80.6,9.5,1,0,1
897.72,13.05,4,132,3.2,0,0,0
455.9,20.55,1,78,13.1,0,0,0
868.01,14.09,3,98.4,10.9,0,1,0
780.35,16.34,2,89.1,12.3,0,1,0
695.53,30.06,4,110.5,4.6,0,0,0
807.26,4.4,1,35,8.8,1,0,1
483.23,13.12,1,54.9,11.6,0,0,0
804.55,3.7,2,59.8,6.6,0,0,0
761.6,29.39,4,151.4,8.9,0,0,0
930.74,25.24,5,162.7,29.7,0,0,0
1546.48,3.17,4,131.7,25.2,1,1,1
582.66,29.25,2,86.6,8.7,0,0,0
1277.82,10.35,4,115.6,15.3,1,0,1
1114.58,3.54,2,72.7,16.8,1,1,1
1403.3,5.89,3,96.5,17.1,1,1,1
1026.61,3.07,2,86.1,39.7,0,0,1
902.65,13.74,3,89.3,11,1,1,0
835,1.75,1,54.3,14,0,1,0
761.67,18.58,3,121.6,30.2,0,0,0
1058.69,2.42,2,77.3,18.7,1,0,1
1187.3,1.38,2,76.2,3.6,0,1,1
1046.6,2.78,2,84.7,34.5,1,1,0
824.09,4.43,1,43.9,6.4,0,0,1
416.35,18.93,1,56,13.5,0,0,0
1151.47,2.45,3,111.4,47,0,0,1
913.97,7.09,3,91.3,19.6,0,0,0
668.9,14.57,1,41.3,14.5,0,1,1
979.77,6.51,2,57.7,53.6,1,1,1
1164.87,12.76,4,128.7,14.5,1,0,1
862.45,13,4,131.7,27.6,0,0,0
1291.25,2.04,3,88.9,16.9,0,1,1
916.98,19.71,4,131.1,8.8,0,0,0
617.65,40,2,117.3,26.5,1,0,0
938.13,33.17,4,145.2,5.6,1,0,0
683.03,26.78,3,84.5,39.4,1,0,0
664.61,33.64,3,110.5,13.7,0,1,0
751.37,14.77,2,97.7,14.4,0,0,0
969.57,5.77,3,103.2,6.7,0,0,0
1078.57,0.79,3,87.3,12.9,1,0,0
826.73,9.37,3,75.8,59.3,0,0,0
804.93,8.08,2,59.3,19.2,0,1,1
742.77,4.64,2,53.8,8.8,1,0,0
853.93,11.53,3,101.5,10.5,0,0,0
997.59,4.04,1,52.6,7,0,1,1
859.81,16.26,3,104.4,20.4,1,0,0
665.71,13.59,1,69.9,26.7,1,0,0
933.04,9.5,2,75.2,6,0,0,1
848.24,23.24,2,105.6,6.1,1,1,0
933.98,26.2,4,135.7,9,1,0,0
1260.99,1.89,4,131.5,43.2,0,1,0
694.45,4.21,1,39.7,11.8,0,0,0
986.7,9.72,3,84.8,27.3,0,0,1
750.73,24.48,1,87.7,8.9,1,1,1
533.76,24,3,91.3,33.7,0,0,0
956.44,1.56,1,57,11.7,1,0,1
963.35,15.82,3,102.5,25.2,1,0,0
821.13,1.01,1,43.5,23.4,0,0,1
1003.34,25.04,5,137.6,13.1,0,0,0
748.97,34.49,4,133.3,18.1,0,0,0
602.91,7.35,1,54.1,24.3,0,0,0
683.25,16.63,2,73.4,10,0,0,0
990.22,19.04,3,108.8,33.1,1,0,1
975.59,5.82,3,97.1,9.9,0,0,0
479.14,26.93,2,78.7,23,0,0,0
827.45,16.27,3,90,6.4,1,0,0
1025.38,13.15,2,120.4,37.4,1,0,1
963.52,12.19,2,93.6,18.9,1,1,1
957.54,1.7,1,71.3,10,0,0,1
724.01,4.4,1,49.9,3.8,0,1,0
827.35,27.54,5,147.6,15.5,0,0,0
424.43,28.48,1,61.9,31.3,0,1,0
901.36,9.74,2,96.6,32.4,0,1,0
568.74,11.03,1,75,18.3,0,0,0
742.71,5.96,1,54.2,43.8,0,1,1
799.22,23.07,4,141,28.5,0,0,0
1031.88,6.2,3,115.1,16.6,1,0,0
566.77,17.1,1,61.2,13.1,0,1,0
896.4,30.03,5,154.7,4.9,0,0,0
654.83,17.89,2,89.5,20.8,0,0,0
1083.59,30.61,4,138.2,7.2,1,0,1
935.77,13.11,4,112.5,14,0,0,0
539.08,23.6,2,89.7,31.6,0,0,0
606.01,29.58,2,82.3,21.5,0,0,1
698.86,8.06,1,74.5,61.3,1,0,1
1105.6,11.63,3,118.5,4.6,1,0,1
1027.42,21.27,3,95.5,27.2,1,0,1
872.98,6.02,2,89.6,28,1,1,0
999.98,28.62,4,142.6,5.3,0,0,1
683.11,11.67,1,53.1,14.2,1,1,1
479.91,23.89,2,84.7,49.1,0,0,0
943.86,23.26,5,129.4,96,1,0,0
1083.22,9.45,4,122.2,14.1,0,0,0
520.45,26.3,1,52.4,13.9,1,1,0
1100.43,4.77,3,85.8,26.9,1,0,1
884.41,34.53,3,112.2,2.6,0,1,1
772.96,20.72,3,128.8,3.9,0,0,0
810.89,15.03,2,94.4,8.5,0,0,1
1070.82,10.79,3,119.1,8.4,0,0,1
1343.69,6.12,4,122.9,32,1,0,1
817.34,9.18,1,59.7,2,1,1,1
1305.12,2.89,3,71.3,1.4,1,1,1
686.35,11.47,1,61.4,55.1,1,1,0
457.39,12.24,1,51.6,25.9,0,0,0
925.06,28.45,3,146.8,10.7,0,0,1
607.19,30.49,2,104.4,9.5,0,1,0
937.21,14.56,2,86.4,11.6,0,0,1
667.05,11.67,2,65.8,1.6,0,0,0
1128.27,2.13,2,83.4,13,1,0,1
932.78,9.95,3,108.6,2.4,0,0,0
933.64,9.11,3,73.5,1.4,0,0,1
378.67,31.85,2,77.6,55.4,0,0,0
699.28,11.94,2,71.3,31,1,0,0
779.45,2.43,1,39,10,1,0,1
930.45,8.71,2,62.7,56.3,1,0,1
624.31,37.83,3,105.1,9.5,0,1,0
959.9,14.58,3,109.4,6.2,1,0,0
565.51,23.56,2,80.2,32.1,0,1,0
762.46,1.59,1,49.6,13.9,0,0,0
754.65,6.23,1,64.6,32,0,0,1
1125.99,10.07,3,91.6,19.9,1,0,1
1191.76,9.83,3,68.9,9,1,1,1
1070.37,14.11,3,96.3,28.6,1,0,1
1085.88,9.92,3,87,6.8,1,0,1
916.25,11.08,2,91.2,40.5,1,0,1
713.32,23.33,2,102.2,7.9,1,0,0
1212.78,9.11,4,131.2,52.5,0,0,1
1005.88,11.4,3,115.3,15.8,0,1,0
804.96,8.64,3,81,11.2,0,0,0
1078.07,2.48,2,79.3,8.7,0,0,1
863.94,11.02,1,63.1,10.9,1,1,1
863.93,3.23,2,80,26,0,0,0
885.61,14.13,3,108.2,34.5,1,0,0
562.58,20.47,1,47.3,26.8,1,1,0
910.37,4.73,1,60.3,42.5,0,1,1
1166.86,2.38,3,78.6,0.9,0,0,1
847.18,5.05,1,74.9,7.8,0,0,1
968.53,9.88,5,148.1,56.9,0,0,0
979.01,2.43,2,63.9,5.2,0,0,1
499.88,11.83,1,35,33.9,0,1,0
1144.45,10.75,4,115.6,34.5,0,0,1
502.61,24.2,1,87.1,22.2,0,0,0
737.11,6.87,1,38.1,31,1,0,1
965.57,23.48,3,116.5,13.1,1,0,1
694.34,5.9,1,65,29.7,0,1,0
753.48,26.69,4,121.8,24.3,0,0,0
704.21,11.36,2,69.2,30.5,0,0,0
725.48,13.32,2,56.5,4.7,0,0,1
1093.6,3.6,2,78.8,32.3,1,0,1
652.38,28.82,2,93,8.3,0,0,1
1320.16,8.08,4,125.3,5.1,0,1,0
573.92,7.07,1,57.6,28.7,0,0,0
561.32,10.26,1,58.3,11.4,0,0,0
544.51,23.67,1,62,17.4,1,0,0
852.79,30.3,5,151.1,13,0,0,0
867.97,4.73,1,43.6,8.8,0,1,1
528,23.14,2,65.5,6.5,0,0,0
552.44,17.69,2,85,45.2,0,0,0
1070.41,2.02,2,77.7,28.3,0,1,1
877.39,7.64,2,50,26.1,1,0,1
1095.1,10.22,4,133.1,35.2,0,1,0
469.26,19.51,1,64.1,45.8,1,0,0
918.76,8.49,2,52.2,3.6,0,1,1
1100.04,4.39,2,76,4.5,1,0,1
921.98,32.57,5,173.2,14.4,0,0,0
1126.09,15.25,4,127.2,24.1,0,0,1
894.85,8.89,2,76,1.6,0,1,0
808.07,26.93,4,143.8,19.1,0,0,0
857.91,33.63,5,156.9,4.5,0,0,0
683.07,28.42,3,105.9,24.7,0,1,0
934.71,2.81,2,86.7,38.1,1,0,0
637.09,23.21,3,111.3,7.6,0,0,0
871.27,7.11,1,58.6,21.6,1,1,1
721.63,10.01,1,75.7,16.2,0,0,1
939.74,11.23,2,82.5,21.6,1,0,1
1138.28,11.33,4,116,12.3,0,0,1
1094.27,2.24,2,45.3,3.2,1,1,1
549.01,13.61,1,50,18.6,0,1,0
991.66,11.14,3,97.5,31.7,1,0,1
1248.29,10.24,4,126.7,19.4,1,0,1
1021.46,4.02,2,68.3,43.7,1,0,1
690.17,32.31,4,132.1,7.8,0,0,0
692.86,7.49,1,45.4,71.8,1,0,1
1265.27,2.09,3,108.8,14.4,1,0,1
1055.03,16.18,4,133.8,16.4,0,0,1
928.44,13.35,3,114.4,2.1,1,0,0
1125.83,23.8,4,117.9,16,1,0,1
902.55,1.38,1,35,7.5,1,1,1
659.43,11.25,1,55.7,19.4,1,0,0
507.29,24.75,2,80.7,31.3,0,0,0
753.77,10.7,2,54.7,45.3,0,0,1
1073.19,13.51,3,109.8,23.2,0,1,1
1342.63,4.22,4,105.3,35.4,0,1,1
836.75,27.84,4,134.4,16.5,0,1,0
1084.18,8.73,3,116.2,9.7,1,0,1
784.62,1.23,1,54.5,22.6,1,0,0
1041.8,4.58,2,61.8,5.3,1,0,1
886.64,31.02,4,168.6,7.2,1,0,0
306.6,32,1,52.1,2.8,0,0,0
661.91,16.85,2,90.3,11.9,0,0,0
840.26,14.78,3,113.5,17.8,0,0,0
974.78,6.09,1,56.6,11.1,1,1,1
1422,2.01,4,114.1,37.6,1,0,1
477.99,27.4,2,101,36.9,0,0,0
614.58,8.09,1,51.1,22,1,0,0
910.18,1.79,1,53.9,25.4,1,0,1
1058.17,10.46,2,85.4,24.2,0,1,1
1006.56,4.87,2,70.3,11.9,1,0,1
1517.88,2.09,4,137.7,1.8,0,0,1
388.4,31.67,1,59.8,33.4,1,0,0
675.24,5.94,1,57.8,31.2,1,1,0
964.54,22.63,5,177.7,18,0,0,0
804.92,7.23,2,70.4,5.3,0,1,0
1131.09,7.14,3,104.4,11.1,1,0,1
603.67,16.99,2,77.2,37.5,1,0,0
835.99,6.58,2,65.7,14.5,0,0,1
747.96,13.42,2,82.2,30.1,0,1,0
806.46,13.49,2,79.7,36.5,0,0,1
612.17,35.54,2,106.1,11.4,0,1,0
925.78,15.12,4,124.9,12.4,0,0,0
817.62,7.1,1,53.9,10.9,1,0,1
853.88,26.97,4,135.6,24.1,1,0,0
1311.33,11.82,4,131.8,8.1,1,0,1
850.44,4.58,3,88.8,94.6,0,1,0
882.58,24.96,4,123.7,16.9,0,0,0
401.64,21.94,1,51.4,11.8,0,0,0
657.63,25.07,3,109.8,15.4,0,0,0
1058.82,5.92,3,87.4,35.4,0,0,1
732.61,3.68,1,54.4,16.3,0,1,0
622.08,7.35,1,49.1,18.2,0,0,0
848.85,21.27,3,101.7,25.5,1,0,0
1163.72,21.59,5,158.4,5.2,0,0,1
1083.39,2.1,2,65.1,15.1,1,0,1
759.32,24.57,4,121.1,14.7,0,0,0
879.5,4.18,2,56.2,14.6,0,0,1
819.93,29.47,4,131.9,18.7,0,0,0
1005.87,7.24,3,93.4,37.2,0,0,1
723.82,10.92,2,87.2,7.9,0,0,0
715.56,9.48,2,65.9,14.4,0,0,0
604.26,6.8,1,43.9,19,1,1,0
830.18,11.35,2,53.7,46.2,1,0,1
1023.23,3.1,2,67.6,18.8,0,0,1
895.49,13.12,3,106.8,39.1,1,0,0
856.7,18.41,2,100.1,31.1,1,0,1
924.29,11.33,3,101.9,22.3,1,0,0
797.67,3.41,1,36,6.5,0,0,1
847.26,13.26,3,99.6,4.9,1,0,0
798.26,8.63,2,72.3,9.4,1,0,0
591.62,29.29,2,93.5,16.1,1,0,0
578.51,27.98,2,98.1,9,0,0,0
611.18,9.21,2,70.2,27.8,0,0,0
824.19,35.98,4,151.7,14.2,0,0,0
910.37,11.47,3,84,14.3,1,0,0
1091.77,1.59,2,90.5,9.5,0,1,0
919.48,5.66,1,61.6,16.4,1,1,1
557.97,13.35,2,51.6,8.1,0,0,0
773.95,12.4,2,98.6,33.2,0,0,0
882.2,3.57,1,35.5,18,1,1,1
516.41,22.33,1,57.5,9.7,1,1,0
597.51,40,3,110.9,21.4,0,0,0
1193.94,6.01,3,101.4,13.6,1,0,1
764.31,8.58,2,57.4,6.1,1,0,0
685.32,28.12,3,113.1,21,0,1,0
462.73,40,2,110.4,43.3,0,0,0
950.12,29.18,3,114.9,44.4,0,1,1
764.23,29.16,3,117.6,32.3,1,0,0
1119.95,24.29,5,150.9,4.3,0,0,1
855.07,3.82,1,77.8,40.3,0,0,1
645.79,32.55,3,114.9,28.5,1,0,0
933.34,7.55,2,69.2,8.8,1,0,1
820.2,12.72,2,75.3,2.8,1,1,0
1171.13,2.96,2,66,23,1,1,1
965.3,3.84,2,64.6,7,0,0,1
1001.1,2.99,2,69.5,6.7,1,0,1
987.49,6.08,2,80.4,15.1,1,0,0
640.17,17.66,2,90.9,3,0,0,0
745.26,34.88,4,121.5,44.2,0,1,0
777.31,5.53,1,51.9,22.2,1,0,1
644.51,10.66,1,35,12.7,1,1,0
657.82,23.77,3,101.3,4.7,0,0,0
955.22,13.39,4,123.2,5.6,0,0,0
728.44,6.01,2,68.3,19.2,0,0,0
1136.91,11.75,3,91,15.3,1,0,1
897.01,4.67,2,60,21.6,1,0,1
693.92,11.3,2,60.5,69.2,1,0,1
641.45,40,2,132.3,14.3,0,1,0
580.82,19.02,1,58.2,28.4,1,0,1
625.17,30.12,2,102.1,23.3,0,0,1
1251.45,6.64,4,111.2,11,1,1,0
731.48,6.24,1,57.8,4.7,0,1,0
742.76,6.23,1,62.2,21.3,0,0,1
979.42,2.57,3,111.2,26.3,0,0,0
1153.39,6.5,3,99.2,6.9,1,0,1
787.68,30.25,3,119.8,28.9,1,0,0
1070.64,4.67,3,77.8,28.9,0,0,1
578.74,21.54,3,75.5,31.3,0,0,0
737.96,25.7,4,130.1,18.6,0,0,0
673.94,21.52,2,96.6,25,1,0,0
815.54,3.38,1,41.2,26.4,0,1,1
528.14,22.5,2,75.4,10.7,0,0,0
752.73,29.91,3,116.3,8.5,0,1,0
675.69,17.59,2,75,21.6,1,0,0
1030.38,23.73,3,112.5,17.5,1,0,1
899.18,12.23,3,106.9,6.6,0,0,0
472.51,21.11,1,73.5,3.5,0,0,0
737.48,18.06,3,96.2,9.8,0,0,0
765.28,28.2,3,129.7,23.6,0,1,0
413.18,25.47,2,66,22.9,0,0,0
516.82,15.73,1,56.3,19.6,1,0,0
724.98,5.18,2,68,38.7,0,1,0
577.94,15.95,1,58.1,1.1,0,1,0
897.55,1.03,1,51,9.9,1,0,1
754.02,3.55,1,52.5,8.7,0,0,0
671.18,11.62,1,41.7,28.5,1,0,1
1090.1,10.6,2,94.2,15.1,1,1,1
776.9,5.2,2,74.2,33.8,0,0,0
898.72,6.19,1,68,17,1,0,1
1150.16,8.84,3,91.6,19.2,1,0,1
950.01,3.92,2,71.4,12.7,1,0,1
789.89,10.27,2,83.9,23.2,0,1,0
806.41,13.55,3,94.9,35.8,0,0,0
779.78,12.88,3,101.5,30,0,0,0
767.02,31.67,2,103.3,16.9,1,1,1
666.73,32.1,3,126.2,20.7,0,0,0
869.3,10.09,2,89.9,5.9,0,0,1
878.56,6.41,1,55.3,29.5,1,1,1
806.68,2.4,1,49,14.7,1,0,0
915.29,2.98,1,48.4,9.8,1,1,1
940.53,3.28,1,64.1,22.4,1,0,1
585.72,12.13,1,51,13.5,1,1,0
691.33,7.48,1,48.8,8.7,0,0,1
1053.57,16.18,3,104,21.8,0,1,1
671.24,15.54,2,90.3,13.7,0,0,0
1036.55,2.8,1,86.1,21.6,1,1,1
695.19,23.87,2,96.7,12.8,0,1,0
975.27,11.4,3,110.7,17.1,1,0,0
693.24,9.14,1,57.6,22.8,0,0,1
669.33,12.61,1,52.1,19.2,1,0,0
1210.53,3.47,2,88.5,12.1,1,1,1
1024.4,5.21,3,95.3,9.9,0,0,0
725.33,22.87,3,109.8,10.1,0,0,0
1167.95,1.9,3,71.7,18.2,1,0,1
757.18,20.95,2,105.7,32.2,1,0,0
1160.85,3.17,3,69.9,45,1,1,1
1062.07,3.07,3,124.8,40.6,0,0,0
772.22,9.17,2,86.5,60.1,0,0,1
857.2,11.47,3,96.9,2.8,0,0,0
1262.99,19.52,5,128.6,19.5,1,0,1
1125.29,3.6,2,70.9,6.9,1,1,1
817.01,4.09,1,55.8,35.9,1,0,1
553.29,31.56,3,119.4,23.2,0,0,0
789.92,7.75,1,50.8,12.7,0,1,1
667.85,19.49,2,103.2,24,0,0,0
972.58,4.87,2,66.7,17.4,0,1,1
609.09,31.93,2,93.4,0.9,0,0,0
925.38,2.73,1,55.5,40.2,1,0,1
890.08,7.17,3,99,49.7,0,0,0
634.08,19.63,1,66.7,11,0,1,1
798.81,1.58,1,35,6.4,0,0,1
1030.38,11.65,4,111.7,28.8,1,0,0
648.81,11.19,2,71.2,27.2,0,0,0
1329.19,3.47,4,126.5,19.7,1,0,1
703.83,15.09,2,67.1,25.7,0,1,0
797.5,0.97,1,53.6,27.3,1,0,0
915.7,31.08,4,154,26.2,1,0,0
666.97,19.36,1,50,21.6,1,0,1
705.96,25.26,3,125.6,2.6,0,0,0
788.41,25.62,2,89.5,15.9,1,0,1
1253.08,3.28,4,93.1,24.1,0,0,1
1025.86,5.44,3,77.4,12.2,0,1,0
764.08,11.52,1,66.7,22.7,1,0,1
800.57,18.84,2,69.2,34,0,1,1
616.04,31.82,2,104,2,0,0,0
533.93,35.58,2,121,53.7,0,0,0
1299.47,3.9,3,102.5,15.4,1,0,1
947.31,27.97,4,130.1,33.4,1,1,0
869.55,28.18,4,113.2,5.3,1,0,0
739.36,17.45,2,89.9,4.5,0,0,1
980.63,20.07,4,145.8,10.2,1,1,0
918.17,11.37,3,103.7,33.1,0,1,0
1285.77,13.29,4,117.9,8.5,0,1,1
559.66,24.2,2,72.6,26.3,0,0,0
840.44,12.31,3,114.5,45.9,1,0,0
1217.69,13.65,3,113.2,9.1,1,1,1
1114.85,2.69,2,88.2,8.6,1,0,1
1383.63,12.41,4,132.5,3.2,1,1,1
912.14,22.25,2,78.4,16.5,1,0,1
1068.06,17.52,4,109.2,37,1,0,1
882.3,26.61,3,134,23.9,0,1,0
961.6,6.26,3,100.6,38.2,0,0,0
1009.39,4.72,2,66.4,8.8,1,0,1
1186.61,10.44,5,147.4,25.3,1,0,0
895.07,24.45,5,148.4,18.6,1,0,0
1043.42,9.66,3,106,27.7,0,0,1
567.7,24.61,1,62.7,2,0,1,1
495.99,29.69,2,113.7,30.6,0,0,0
666.89,6.1,1,35,5.2,1,0,0
778.17,16.82,3,99.4,62.9,1,0,0
480.54,24.52,2,69.7,16,0,0,0
692.74,32.41,3,110.7,12.2,1,0,0
1223.4,3.93,3,103.8,20.1,1,0,1
806.44,7.77,2,67,11.5,0,0,0
467.56,24.43,2,74.8,17.4,0,0,0
659.87,11.06,2,76.7,32.4,1,0,0
661.91,5.33,1,43,18.3,0,0,1
749.29,10.14,1,63.9,26,0,0,1
617.99,20.24,2,93.6,8.7,0,0,0
963.66,3.67,1,51.8,17.9,1,1,1
759.4,6.43,1,40.2,2.8,1,1,0
544.42,28.31,2,115.5,19.5,0,0,0
1012.45,14.09,3,99.2,7.4,1,1,0
534.55,37.46,2,96.7,21.4,0,1,0
1150.73,2.38,2,66.5,6.7,1,1,1
887.67,10.98,2,86.3,9.5,0,0,1
917.27,4.08,2,78.3,8,0,0,0
1057.82,3.03,2,70.1,22.5,0,1,1
494.59,16.84,1,75.5,23.5,0,0,0
844.27,20.16,4,142.6,11.6,0,0,0
688.59,5.31,1,61.5,8.9,0,0,0
1102.45,12.87,4,123.9,50.6,0,0,1
1144.56,24.09,4,149.7,19.5,1,0,1
723.91,4.92,1,35,4.6,1,0,1
706.96,1.51,1,56.8,16,0,0,0
834.89,31.22,5,160.3,8.6,0,0,0
759.66,10.06,2,82,5.7,0,1,0
684.8,8.28,1,45.2,15.1,1,0,1
1478.05,8.5,5,156.9,6.9,1,0,1
648.09,24.98,3,117.9,30.8,0,0,0
810.37,4.83,2,51,19.4,0,0,1
749.06,11.17,2,75.3,44.8,0,0,1
1460.27,16.67,5,156,5.3,1,1,1
980.13,1.45,2,57.1,45.8,0,0,1
741.69,4.9,1,59.1,7.2,0,1,0
1007.78,2.66,2,60.6,8.9,1,1,0
1201.9,6.97,3,78.8,13.1,1,1,1
1455.09,10.71,5,144.7,30.9,0,1,1
628.04,13.08,1,78.7,6.9,0,0,0
599.77,5.23,1,35.4,34.6,1,0,0
995.03,9.78,3,87.5,30.8,1,0,0
691.41,2.54,1,40.1,12.9,0,1,0
1262.21,8.17,3,117.3,7.1,0,1,1
945.34,9.44,3,107.7,20.1,1,0,0
792.6,10.78,3,92.8,22.9,0,0,0
935.81,13.07,2,76.3,13.8,1,1,1
1206.52,8.35,2,91.1,6.6,1,1,1
1366.28,3.67,4,120.9,10.4,1,0,1
740.07,3.48,1,35.6,10.6,1,1,0
1322.34,8.8,4,114.4,14.9,1,0,1
851.25,6.03,2,78.7,40.4,1,0,0
816.15,5.33,1,56.1,36.4,1,0,1
783.11,10.3,2,83.4,13.1,0,1,0
884,2.55,1,55.5,14.8,1,0,1
492.51,38.96,2,114.3,5.6,0,0,0
1069.12,8.37,3,111.5,19,0,0,1
832.7,26.68,2,102.9,8,1,0,1
840.45,5.67,1,64.6,28.8,1,1,0
853.67,27.54,3,111.7,7.3,1,1,0
1052.81,1.2,2,59.4,20.3,1,0,1
965.48,4.68,1,59.5,19.2,1,1,1
1353.22,2.33,3,88.9,1.6,1,1,1
666.53,15.34,3,86.5,33.8,0,0,0
873.17,11.75,2,73.2,20.6,1,0,1
813.55,7.38,1,54.9,14.7,0,0,1
971.32,12.8,2,84.3,8.9,0,1,1
947.79,11.18,2,73.8,19.2,1,0,1
806.85,11.15,3,99.4,29.1,1,0,0
1104.45,9.4,2,74.9,7.5,1,1,1
803.4,17.67,3,101.9,25.2,0,1,0
1311.46,1.55,5,130.5,7.4,0,0,0
1158.35,14.01,3,91.7,20.4,1,1,1
830.56,17.16,2,99.8,16.5,1,0,1
786.92,17.79,3,104.7,2.6,0,0,0
747.54,9.24,2,35,23.1,1,0,1
519.14,23.76,1,72.3,21.2,1,0,0
852.08,3.93,2,79.3,30.2,1,1,0
736,28.31,3,104.1,39.9,1,0,0
1185.97,3.82,3,85.7,11.3,1,0,1
1104.47,12.06,3,98,19.9,1,0,1
532.5,32.57,2,114,9.2,0,0,0
1127.79,2.4,3,98.9,16.7,1,0,0
731.49,32.14,4,125.8,22.6,0,0,0
817.5,12.47,2,85.5,7.1,0,1,0
764.9,2.88,1,49.1,31.8,0,1,0
1058.97,19.99,5,155.7,3.8,1,0,0
403.82,38.85,2,81.5,8.8,0,0,0
657.36,18.08,1,48.4,26.4,1,1,1
603.95,3.76,1,47.7,48,0,0,0
808.75,15.76,2,98,21.8,0,0,1
732.18,7.13,1,36.5,43.2,1,1,0
886.19,22.94,3,95.4,17.9,0,1,1
1258.68,10.98,3,112.9,12.8,1,1,1
791.39,28.7,3,126.3,24.3,1,0,0
706.42,13.43,3,75.4,37.5,0,0,0
924.89,7.46,2,65,8.2,0,0,1
1135.99,8.29,3,80.5,15.8,1,1,1
493.55,6.62,1,35,7.4,0,0,0
1273.17,1.86,3,98.4,49.6,1,1,1
1127.69,3.66,3,96.6,7.7,1,1,0
855.64,27.01,3,114.9,21.2,1,0,0
1012.87,25.15,5,135.9,24.2,1,0,0
601.95,23.87,3,94.5,61.2,0,0,0
942.81,18.51,3,90.8,29.9,0,0,1
1004.67,7.88,4,125.3,23.4,0,0,0
845.99,2.01,1,37.3,24.7,0,0,1
939.1,13.42,3,97.5,15.3,0,1,0
770.11,21.6,3,116,15,1,0,0
1045.12,5.24,2,65.9,9,0,1,1
381.68,19.66,1,47.9,24.4,0,0,0
645.68,9.41,2,59.9,26.3,0,0,0
629.91,7.8,1,50.8,20.4,0,1,0
972.67,4.2,2,75.1,26.9,0,0,1
1081.59,3.15,2,55.5,3.3,1,1,1
917.4,13.06,4,115.8,20,0,0,0
825.35,1.44,1,38.2,17.5,1,0,1
891.76,6.25,2,53.7,37.5,1,0,1
777.78,1.44,1,39.6,13.6,1,0,1
788.41,4.24,1,52.7,8,0,1,0
820.03,22.37,3,99.7,10.1,1,0,0
758.5,24.56,2,72.6,9.6,1,0,1
793.69,13.02,3,110.9,15.4,0,0,0
943.53,23.39,3,113.9,4.8,0,0,1
649.65,25.6,2,97,6.7,0,1,0
624.37,25.42,2,92.6,15.7,1,0,0
1168.19,11.04,4,115.1,10.4,1,0,1
605.86,16.02,2,62.7,35.4,1,0,0
998.18,11.48,2,91.8,4.7,1,0,1
683.28,31.5,3,115.1,38,0,1,0
787.16,12.97,2,79.3,17.2,1,0,1
609.37,35.96,3,107.8,35.2,0,0,0
859.95,3.2,1,41,2.9,1,0,1
557.21,26.91,2,98.9,9.1,0,0,0
778.55,16.98,3,89.7,15,1,0,0
630.32,13.14,1,42.9,10,1,0,1
1099.89,11.11,3,92.8,4.1,1,0,1
749.5,18.41,2,107.7,27.8,0,0,1
655.21,15.5,2,61.7,21.9,1,0,1
1019.51,13.78,4,121.5,16.3,1,1,0
726.91,13.13,2,62,4.1,0,0,1
613.01,32.82,3,105.3,17.4,0,0,0
1136.27,11.57,3,97.6,15.5,1,1,1
804.8,3.58,1,56.4,16.5,0,1,1
1150.7,8.15,3,104,3.5,1,0,1
581.82,24.16,2,90.1,12.8,0,0,0
864.3,10.68,2,58.9,30.3,1,0,1
810.56,3.22,1,55.7,21,1,1,0
950.39,17.47,2,91.2,10.2,1,0,1
1379.55,4.44,4,105.8,25.4,1,0,1
644.49,10.99,1,48.1,47.6,0,1,1
639.37,13.51,1,55.5,21,1,0,0
972.01,15.25,3,109.6,20.1,1,1,0
871.71,1.41,1,35,10.9,1,0,1
853.3,1.29,1,63.3,2.1,0,0,0
826.59,5.47,1,64.9,3.5,1,0,0
852.68,14.89,3,122.9,4.2,0,0,0
615.08,23.5,2,91.8,11.6,0,1,0
1241.27,5.82,4,131.1,14.3,0,1,0
600.53,17.83,1,90.5,24.6,1,0,0
496.67,22.32,2,86.1,51.1,0,0,0
1138.55,10.35,3,111.4,18.1,1,0,1
712.87,38.37,2,88.5,6.9,1,1,0
896.07,2.87,1,35,3.1,0,1,1
546.55,25.2,2,75.3,9.4,0,1,0
907.17,19.83,4,130.7,14.7,1,0,0
1011.32,4.27,2,86.6,29.7,1,0,1
465.82,23.3,1,71.8,5.7,0,0,0
681.42,24.8,2,105.5,30.5,1,0,0
624.61,12.32,1,68.6,38.4,0,0,1
952.39,0.88,1,42.2,28.1,0,1,1
1060.99,12.71,3,103.8,25.8,0,1,1
882.1,24.37,3,100.7,23,1,1,0
871.18,9.38,2,74.1,22,0,0,1
1017.68,30.41,3,112.4,12.8,1,0,1
969.3,1.86,2,75.2,15.1,0,0,1
738.38,25.51,3,108.5,3.5,0,0,0
660.54,8.96,2,63.9,9.9,0,0,0
624.88,19.33,1,44.6,15.6,1,0,1
1166.88,15.8,4,117.6,20.6,1,0,1
626.32,36.07,2,97.5,3.3,1,0,0
506.26,40,3,93.1,6.8,0,0,0
785.39,6.4,1,54.5,4.4,0,1,1
776.83,7.71,1,70.7,18.7,0,0,1
862.94,36.82,4,143.8,24.6,0,1,0
775.88,5.97,2,71.1,31.3,1,0,0
1071.95,11.1,3,86.8,8.6,1,0,1
665.54,28.85,2,110.5,26.9,0,1,0
1062.28,23.86,3,143.9,8,1,0,1
1190.88,4.19,3,76.1,13.5,1,0,1
592.84,19.42,2,98.3,33.4,0,0,0
799.42,8.75,2,70.6,7.9,1,0,0
702.08,25.61,3,118.8,10.5,0,0,0
1013.22,7.27,2,95,53.4,1,0,1
821.64,23.99,3,98.4,9.3,0,0,1
1036.21,3.9,2,78.8,20.5,0,1,1
480.77,40,2,90.3,23.9,0,0,0
735.89,4.73,2,63.3,35.3,0,0,0
705,14.54,1,55.4,18.7,1,0,1
669.39,6.91,1,54.1,27,1,0,0
679.72,28.9,3,112.6,12,0,0,0
1170.12,7.71,3,96.8,8.6,1,0,1
683.75,8.67,2,71.7,12.6,0,0,0
1236.97,7.1,4,115,2,1,0,1
1220.88,10.66,4,112.2,19.4,1,0,1
696.83,11.11,2,84.6,13,0,0,0
793.05,15.91,4,95.1,35.4,0,0,0
1064.73,7.73,3,98.1,9.3,0,0,1
922.58,5.95,2,73.9,23.6,1,1,0
973.74,4.8,2,68.7,14.1,0,0,1
803.72,6.34,1,61.7,16.3,0,0,1
630.44,21.21,3,104.3,25.4,0,0,0
1019.67,9.86,3,96.1,14.2,0,0,1
840.18,13.28,2,82.2,2,0,0,1
1002.48,8.54,2,74.5,23.1,1,0,1
1077.54,9.21,3,103.7,22.1,0,0,1
1186.63,9.94,4,101.2,16.9,1,0,1
1281.58,12.1,5,135,21.7,0,0,1
835.02,2.38,2,66,14.8,0,0,0
579.85,34.24,1,87.7,27.1,0,0,1
1132,22.31,5,139.9,27.7,0,0,1
1015.67,12.72,3,91.3,1.7,1,0,1
1004.07,4.35,3,78.2,29.5,0,0,1
623.72,10.11,1,48.3,12.4,1,0,0
1069.51,10.84,3,102.5,16.6,0,1,1
656.98,10.91,1,54.8,32.6,1,1,0
1267.71,2.1,4,116.5,9.9,1,0,0
796.52,9.21,1,66.1,8.4,1,0,1
1154.87,12.23,4,120.5,64.6,1,0,1
566.61,33.69,2,104.2,12.3,0,0,0
686.92,12.61,2,60.6,17.6,0,0,1
746.65,13.86,1,59.9,6.2,1,0,1
683.16,26.47,3,122.3,49.5,0,0,1
494.15,38,2,106.2,32.2,0,0,0
1070.59,3.23,2,55.2,58.9,1,1,1
832.86,9.1,2,76.5,20.7,0,1,0
594.32,13.16,1,55.4,29.3,0,0,1
1084.92,8.19,2,91,5.5,1,0,1
853.11,5.18,1,63.3,8,1,0,1
1175.78,1.86,3,99.7,22.5,1,0,1
941.27,3.59,3,98.8,24.1,0,0,0
689.06,29.87,2,102.1,8.3,1,0,0
1741.4,1.82,5,162.2,7.8,1,1,1
986.46,9.76,3,73.2,17.8,1,0,1
978.66,11.77,3,106.8,14.4,0,0,0
595.57,23.8,2,108.2,6.3,0,0,0
1180.83,9.46,3,114,5.2,0,0,1
758.56,12.06,1,45.8,7.3,1,0,1
864.82,26.86,5,170.7,32.3,0,0,0
623.26,12.51,2,90.3,31.4,0,0,0
1014.21,3.78,2,85.4,9.6,1,1,0
692.13,2.42,1,49.8,2.8,0,1,0
857.19,11.7,2,90.5,32.4,1,0,0
726.68,24.42,3,120.2,67.3,1,0,0
868.07,25.67,5,152.2,24.5,0,0,0
1035.18,21.39,3,94.4,4.5,1,0,1
874.4,7.8,2,67.3,21,1,0,0
947.83,7.42,2,77.4,24.4,0,0,1
567.91,8.65,1,40.5,16.7,0,0,0
804.01,15.07,1,62.7,26.3,1,1,1
1189.6,1.38,4,95.3,20.8,1,1,0
1457.75,1.94,4,113,16.3,0,1,1
1137.94,1.49,2,73.9,6.6,1,1,1
457.9,25.76,2,94.4,65.7,0,0,0
826.86,17.35,3,103.7,18.4,0,1,0
826.86,27.55,2,87.4,4.4,1,0,1
1097.44,8.19,3,91.9,11.4,1,1,0
1284.22,16.63,5,156.5,22.2,0,0,1
674.57,24.12,3,103.2,20,0,0,0
611.66,17.17,2,73.6,29.3,1,0,0
1086.22,3.53,2,59.6,10.8,1,0,1
1275.99,2.83,4,101.5,24.6,1,0,1
788.78,21.37,3,120,19.4,0,0,0
841.84,15.63,3,101.3,18.9,1,0,0
832.15,19.14,2,79.4,7.3,0,1,1
646.78,13.31,1,44,26.8,1,0,1
1231.7,12.99,4,138.5,15,1,0,1
824.24,2.44,1,35,6.7,1,0,1
1132.94,14.68,4,125.7,58.6,1,0,1
818.07,13.65,3,118.8,21.7,0,0,0
1152.7,4.49,3,76.3,2.1,0,0,1
787.5,14.75,3,108.5,14,0,0,0
1182.48,6.62,3,92.5,22,1,1,1
1214.84,13.12,4,128.2,14.3,1,0,1
1123.47,11.93,5,131.5,18.3,1,0,0
1065.13,21.19,4,106.3,23.8,1,0,1
1120.17,3.26,3,84,31.4,0,0,1
756.13,16.21,2,93.4,8.8,0,1,0
784.58,14.98,2,71.5,6.9,1,1,0
775.54,16.48,2,87.3,5.6,0,0,1
1074.11,3.91,2,93.4,13.9,1,0,1
1015.13,13.89,3,97.1,20.4,1,0,1
1024.31,14.66,3,101.1,12.5,0,1,1
779.45,35.72,3,115.8,2.3,1,0,0
869.97,14.97,2,63.1,11.7,1,0,1
664.04,14.78,2,88.5,27.8,0,0,0
910.23,28.15,2,113.3,12.1,1,0,1
1213.99,9.62,5,148.4,18.3,1,0,0
1078.63,30.05,4,133,10.2,1,0,1
989.17,9.94,2,104,10.5,1,1,0
390.71,40,1,77.1,11.7,0,1,0
803.27,12.21,3,90.2,16.7,1,0,0
605.84,18.75,2,75.2,10.8,0,0,0
923.73,8.32,2,77.9,3.7,0,0,1
1245.13,3.04,3,92.9,9.4,1,0,1
1063.23,13.64,2,98,6.7,1,1,1
855.43,4.09,2,71.5,27.4,1,0,0
904.01,11.56,2,82.7,18.1,1,1,0
570.57,24.47,2,90.7,16.6,0,0,0
1082.13,15.11,3,124,19.6,0,0,1
796.23,20.37,3,108,8,0,0,0
932.99,12.54,2,105.8,60.5,1,0,1
792.35,31.82,4,145.6,11,0,0,0
943.91,16.88,2,81.2,40.7,1,0,1
830.76,18.02,2,101.8,7.4,1,1,0
694.23,2.86,1,35.6,32,0,0,0
875.71,6.1,2,75.1,10.5,0,1,0
892.51,28.58,3,112.4,5.5,0,0,1
858.99,26.97,2,95.9,19.8,1,0,1
746.55,23.82,3,118.9,1.1,1,0,0
818.07,19.47,3,111.7,14.4,0,1,0
824.17,6.89,3,73.2,26.7,0,0,0
682.39,10.83,2,69.7,13.5,0,0,0
819.46,28.96,3,104.5,3.8,0,1,0
649.16,37.84,4,135.3,23.2,0,0,0
773.86,34.24,2,94.4,13.5,1,1,0
1069.6,3.83,2,75.2,11.8,1,0,1
926.79,34.22,3,116.5,20.1,1,1,0
1277.54,7.84,4,101.3,16.9,1,0,1
1231.22,5.43,3,100.8,16.1,0,1,1
958.62,13.74,3,116.5,7.4,1,0,0
529.38,11.05,1,57.6,39.6,0,0,0
1096.81,8.22,3,92.7,16.4,0,0,1
912.29,19.9,4,141.3,19.7,0,0,0
717.39,1.7,1,35,50.3,0,0,1
786.45,1.56,1,51.5,12.8,0,0,0
595.34,40,3,104.2,12.6,0,0,0
540.93,25.96,2,92.7,7.8,0,0,0
708,22.04,3,131.9,22.2,0,0,0
1280.47,4.38,3,96.1,8.4,0,1,1
1316.66,19.96,5,147.8,22.6,1,0,1
887.38,12.86,3,120.3,33.6,0,1,0
1119.76,10.05,3,78.3,2.6,1,0,1
762.75,7.41,2,74.5,7.8,0,0,0
1041.07,1.19,2,47.6,65.2,0,1,1
800.92,15.04,2,81.6,86.2,1,0,1
712.4,15.56,2,64.1,4.8,0,1,0
914.14,12.09,3,117.1,27.7,1,0,0
938.57,5.25,1,67.7,16.6,1,1,1
772.99,19.64,3,118.2,40.7,0,1,0
1059.25,23.81,3,127,13.4,1,0,1
1452.34,9.4,5,150.8,22.6,1,0,1
742.32,27.44,4,155.1,23.8,0,0,0
1109.97,2.99,2,69.1,20.4,1,1,1
925.68,16.21,3,111.4,43.6,0,0,1
908.4,25.98,3,122.8,2.1,0,0,1
791.54,25.34,3,125.9,2.8,1,0,0
988.15,1.49,1,58.3,20.2,0,1,1
1001.28,1.92,1,60.9,4.4,1,0,1
722.72,21.94,3,116.6,1.7,0,0,0
1141.52,1.64,2,77.1,16.6,1,0,1
1212.9,10.27,5,134.2,13.6,1,0,0
897.3,24.38,3,114.3,7.3,1,1,0
848.72,7.47,2,67.5,15.7,1,0,0
1009.07,22.48,3,124.2,16.1,1,0,1
1023.1,14.33,3,102.9,12.4,0,1,1
1013.62,6.79,2,84.1,16.9,1,1,1
602.83,22.86,3,104.2,46,0,0,0
1185.84,11.77,3,108.2,5.6,1,1,1
979.58,3.24,2,69.7,22.6,1,0,1
655.7,26.52,3,131.9,38.1,0,0,0
1007.98,9.29,5,147,43.4,0,0,0
640.19,3.9,1,43.2,26.4,0,0,0
970.45,7.32,3,105.7,12.8,0,0,0
666.71,40,3,137.1,15.2,0,0,0
1296.36,9.25,4,103.9,3.1,0,1,1
1323.73,3.34,3,110.9,8,1,1,1
908.95,4.13,2,70.3,58.5,1,0,1
935.89,9.43,2,89,18.7,1,0,0
1040.05,3.82,2,81.2,28.9,1,0,1
929.74,11.25,2,78.8,15.6,1,0,1
614.5,15.75,1,71.9,31,1,0,0
718.71,7.48,1,40.7,29,0,1,1
555.73,26.74,2,50.2,17.7,1,0,0
965.07,2.09,2,84.9,3.2,0,1,0
945.43,13.25,3,121.9,11.2,1,0,0
659.29,15.71,2,56.3,21.6,1,1,0
639.22,3.85,1,39.2,3.5,0,0,0
466.82,38.83,2,106.5,54,0,0,0
956.75,2.75,2,92.5,15.9,0,0,0
661.19,29.39,2,94.7,11.5,1,0,0
666.88,10.75,2,84.2,25.7,0,0,0
1090.42,2.58,3,90.8,14.7,1,1,0
786.3,14.64,3,93,11.1,1,0,0
1379.18,24.66,5,153.1,13.7,1,1,1
726.13,10.02,1,62.5,17.6,1,1,0
1100.81,9.31,3,99.9,16.4,0,0,1
1509.33,10.45,5,160.9,49.2,1,0,1
899.95,7.63,2,81,44.3,1,1,0
782.4,23.84,3,103.6,26.5,1,0,0
618.21,12.5,1,55.1,32.9,0,0,1
945.33,17.21,3,106.8,13,0,0,1
656.98,30.3,4,134.5,19.3,0,0,0
1063.88,20.04,5,151,7.4,1,0,0
789.37,26.62,2,89.9,22.5,1,1,0
808.28,11.13,2,86.7,8.4,1,0,0
1023.02,37.77,4,114.9,14.1,1,0,1
527.02,10.94,1,62.2,13.1,0,0,0
1073.77,8.9,2,69.9,11.8,1,1,1
784.71,3.24,1,46.7,16.3,1,1,0
779.4,1.72,1,43.4,14.8,1,0,0
610.74,26.34,2,73.2,14.7,0,1,0
742.66,5.23,1,49.2,18.8,0,0,1
813.57,6.79,2,65.2,34.8,0,1,0
548.62,18.49,1,81.9,23.2,1,0,0
700.7,7.29,1,48.9,12.8,0,0,1
1340.3,14.87,4,117.9,13,1,1,1
1188.93,2.01,2,93.6,18.9,0,1,1
810.73,10.63,2,68.7,22.7,0,1,0
766.52,6.73,1,39.8,30.9,1,1,1
720.8,10.53,3,93.6,37.9,0,0,0
951.7,13.97,2,87.3,6.8,1,0,1
775.45,33.18,4,146.8,34.9,0,1,0
946.53,4.55,2,56.9,8.7,1,0,1
1225.53,1.61,3,98.2,14.5,0,0,1
921.28,5.64,2,75.7,11.8,1,0,0
1135.63,7.56,3,106,5.6,0,0,1
628.06,30.59,2,90.8,1.8,1,0,0
705.84,9.38,1,74.8,17.9,0,1,0
784.95,8.41,1,35,19,1,0,1
629.35,11.51,2,80.3,28.7,0,0,0
918.22,21.91,4,114.2,26,0,1,0
749.58,30.27,4,123,21,0,0,0
1000.1,9.48,2,74,8.8,1,1,1
846.38,4.11,2,79.5,23.1,0,0,0
873.46,22.46,5,139,29.6,0,0,0
527.93,11.94,1,42.2,15.1,0,0,0
1224.71,2.16,3,110,27.2,0,0,1
1050.43,12.27,4,123.9,5,1,1,0
903.55,9.9,2,81.5,4.2,1,1,0
633.63,13.82,1,53.5,23.7,0,0,1
1155.08,7.37,3,99.1,23.5,1,0,1
676.64,16.52,2,57.3,14,0,1,0
847.7,32.63,4,141.2,22.1,1,0,0
919.28,8.76,3,72.4,20.5,0,1,0
847.35,2.42,1,35,15,1,1,1
738.82,11.61,2,69.8,56.4,0,0,1
981.31,2.85,3,83.3,63.8,1,0,0
847.3,2.98,2,64,36.1,1,0,0
857.34,11.41,2,76.4,23.8,1,0,1
579.39,20.52,2,74.1,13.9,0,0,0
718.57,8.91,1,53.6,42.7,1,1,1
991.31,8.95,2,83.4,13.5,1,0,1
1093.08,18.96,4,141.5,14,0,0,1
1011.39,3.61,2,85.6,15,0,0,1
1081.67,2.76,2,40.6,8.2,1,1,1
692.03,13.8,2,77.5,35,1,0,0
910.71,7.08,2,96.4,9.3,1,0,0
784.54,13.58,2,77.1,3.6,1,1,0
780.36,11.01,1,59.4,24.7,1,0,1
578.9,17.93,1,70.4,13.8,0,1,0
1323.51,2.55,4,112.9,33.8,0,0,1
985.11,31.18,4,141.7,4.7,1,1,0
458.42,40,2,121.2,56.5,0,0,0
721.71,10.06,2,80.9,25.3,0,0,0
817.72,14.91,2,90.9,20.5,0,0,1
1008.97,2.95,2,71.7,24.9,0,1,1
1179.82,5.91,3,89.4,21.4,1,0,1
868.48,2.51,1,50.3,2.9,1,1,0
1087.67,5.39,3,95.5,12.6,0,0,1
540.7,14.05,1,66.6,4.6,0,0,0
661.54,14.56,1,77.7,13.6,0,1,0
885.71,15.76,3,103.3,13.3,0,0,1
818.27,5.09,1,47,5,1,0,1
1233.49,3.76,3,93.1,10.9,0,1,1
824.82,4.63,1,47.3,21.2,1,0,1
830.31,12.38,2,71.8,20.2,0,0,1
647.65,25.37,3,107.9,28.2,0,0,0
1415.59,3.07,4,132.4,65.5,1,1,1
743.48,13.87,1,70.1,16.2,1,1,0
1008.65,7.06,2,83.2,24.7,0,1,1
695.1,8.63,1,56.7,57.3,1,1,0
932.9,4.7,2,59.3,23.6,0,0,1
652.19,37.83,2,113.6,7.5,0,0,0
866.4,9.85,2,80.3,21.6,1,0,1
729.66,9.2,2,73.8,6,0,0,0
884.56,24.73,3,125.6,5.1,1,0,0
599.49,6.68,1,46.2,12.4,0,0,0
832.43,4.39,1,37.7,7.2,1,1,1
620.27,32.18,2,75.9,14,1,1,0
1112.87,17.15,3,132.3,25.5,1,0,1
1043.59,9.76,3,112.3,3.6,0,1,0
447.97,38.5,2,103.3,16.3,0,0,0
853.75,17.23,2,103.6,34.1,1,1,0
1239.99,15.98,4,130.8,29.5,0,1,1
865.67,3.13,1,56.3,11.2,1,0,1
822.97,23.54,2,66.6,16.6,1,0,1
1330.14,5.43,5,120.4,25.3,1,0,1
1027.98,20.33,3,95.4,58.7,1,1,1
765.25,20.25,3,114.1,19.3,0,0,0
696.94,8.47,1,68.1,6.6,1,0,0
1002.85,21.59,4,136.1,23,0,0,1
1115.59,5.19,3,93.6,35.1,1,0,1
1136.87,21.98,4,124.3,64.8,1,0,1
666.99,16.26,2,85.6,25.3,0,0,0
775.95,29.88,3,89,19.6,1,1,0
599.14,27.65,3,106,27,0,0,0
628.13,31.65,3,116.5,17.5,0,0,0
812.33,18.36,4,126.3,35.7,0,1,0
754.03,6.85,1,50,10,1,0,1
980.56,1.98,1,59.3,4.4,0,1,1
835.35,14.98,2,64.5,19.5,1,1,1
1082.91,9.44,3,92.1,8.1,1,0,1
890.65,4.52,1,42.7,12,1,0,1
846.18,6.82,1,45.4,4.1,0,1,1
910.79,4.23,2,85.8,6.5,0,0,0
953.68,40,5,179.4,41.6,1,0,0
745.62,8.57,2,65,44.5,1,0,0
613.11,15.54,1,81.3,31.3,0,0,0
534.9,17.81,1,66.9,29,0,0,0
1071.01,26.35,5,159.1,7.2,1,0,0
1252.1,5.33,4,110.8,44.3,1,0,1
635.22,17.13,2,86.1,10.5,0,0,0
419.58,25.24,1,59.3,19.6,0,1,0
992.92,1.3,2,81.2,33.4,0,0,1
579.37,12.09,1,45.1,9.8,0,1,0
811.8,4.28,1,43.9,15,0,1,1
574.82,23.88,1,66.3,3.8,1,0,0
582.5,29.96,3,108.2,30.5,0,0,0
1281.55,11.72,3,110,5.8,1,1,1
1018.81,4.29,3,99.2,26,1,0,0
467.42,34.73,2,93.3,49.2,0,1,0
772.48,18.05,3,98.9,7.5,0,0,0
1200.38,1.18,2,86.2,16,0,1,1
1149.49,16,3,120.9,22.7,1,1,1
940.36,8.15,2,50.6,19,1,1,1
625.03,11.45,1,65.5,7.5,0,0,0
736.19,24.43,3,116,9,0,1,0
789.66,8.21,2,67.3,9.7,0,0,0
735.23,26.25,3,118,17.1,0,0,0
703.74,5.63,1,65.8,22.7,0,0,0
597.1,13.72,2,69.9,22.2,0,0,0
1014.25,1.65,2,60.8,21.9,1,0,1
1071.93,20.11,4,139.6,8.5,0,0,1
834.08,30.56,4,151.4,22.8,1,0,0
860.91,2.41,2,61.6,7.5,0,0,0
991.34,14.72,4,103.8,2.6,1,0,0
846.72,3.02,1,35,17.1,1,0,1
746.37,17.52,3,96.8,19.7,0,0,0
704.83,24.29,2,95.2,11.7,0,1,0
767.92,10.28,2,66.2,7.7,0,1,0
804.51,9.65,1,54.4,33.4,1,0,1
1110.73,21.55,4,134.7,10.6,1,1,0
1207.14,2.83,3,95.3,16.1,1,1,0
515.95,13.03,1,61.8,16.9,0,0,0
430.55,28.14,1,72.8,32.7,0,0,1
981.95,3.54,2,47.8,20.8,0,1,1
1011.79,4.52,2,82.3,10.7,1,0,1
588.82,15.21,1,60.3,8.6,0,0,1
570.93,11.4,1,65.8,30.8,1,0,0
687.75,27.39,3,125.8,19.5,0,0,0
649.61,12.72,1,43.6,2.3,0,1,0
752.93,3.72,1,63.8,39.9,1,1,0
671.09,12.5,2,72.6,14.6,0,0,0
407.19,32.33,1,79.3,51.4,1,0,0
689.17,17.47,2,96.5,11.9,0,0,0
814.92,16.61,2,84,13.7,1,0,1
1145.07,1.75,2,65.6,14.5,1,0,1
967.78,3.93,2,58.5,31.2,1,0,1
1428.71,8.96,4,133,5.1,1,1,1
893.18,19.1,4,134.3,79.6,1,0,0
1080.41,11.72,4,118.8,1,0,1,0
693.18,30.38,3,121.7,4.7,0,1,0
737.14,10.63,2,60.7,8.5,1,0,0
839.18,12.12,3,107.8,5.7,0,0,0
818.68,18.55,3,105,20.8,1,0,0
858.16,11.41,2,72.5,33.6,1,1,0
1185.62,4.01,2,58.9,6.2,1,1,1
828.23,7.7,2,78.5,15.8,1,0,0
447.48,15.92,1,51.8,22.2,0,0,0
1021.83,14.46,3,103.4,32.2,1,0,1
985.02,3.85,1,48.3,9.7,1,1,1
738.53,15.63,1,82.8,19.5,1,1,0
881.67,4.24,2,77.5,66.4,0,0,1
1065.79,1.19,2,83.1,27.4,1,0,1
781.13,10.07,3,70.6,22.9,1,0,0
522.83,17.31,1,59.5,9.5,0,1,0
988.44,10.92,2,80.8,7.4,1,0,1
330.86,37.04,1,70.4,12.8,0,0,0
956.98,13.43,4,127.3,11.3,0,0,0
1086.24,8.94,4,132.9,7.4,0,0,0
628.13,15.46,2,85.5,37.8,0,0,0
845.83,8.79,1,63.7,3.1,1,0,1
1087.36,2.81,2,67.4,8.3,1,0,1
854.13,10.17,1,73.6,11.2,1,0,1
747.16,5.76,1,45.2,47.4,1,0,1
1017.75,11.55,2,80.5,6.7,1,1,1
554.41,13.12,1,47.1,20.7,1,0,0
1146.41,10.55,3,108,6.2,0,1,1
564.16,12.95,1,45.5,9,0,0,0
561.27,24.82,2,78.6,8.3,0,0,0
863.18,9.64,2,66.6,13.1,0,0,1
788.67,17.09,2,91.1,52.3,1,1,0
1410.52,1.44,3,105.4,1.7,1,1,1
857.27,5.29,2,76.9,14.8,0,0,0
754.07,11.75,2,73.9,40.3,1,0,0
891.92,8.12,2,60.3,22.5,1,0,1
735.37,26.36,3,95.5,36.2,0,1,0
622.56,11.07,1,72.4,3.3,0,0,0
678.79,18.05,2,76.1,11.5,1,0,0
1050.5,7.62,2,107.9,5.8,1,1,0
1015.17,11.32,4,134.7,3.4,0,0,0
1207.27,2.73,2,86.7,24.2,1,1,1
678.65,16.45,3,103.9,36.7,0,0,0
688.2,28.73,2,95.2,16.3,1,0,0
898.91,7.42,2,76.6,2.3,1,0,0
1212.78,1.97,3,109.8,8.5,0,1,0
928.04,1.76,1,63.4,35.3,1,0,1
1128.07,6.34,3,103.8,8.6,0,0,1
1244.73,14.05,4,114.6,27.8,0,1,1
842.46,1.82,2,67.2,14.9,0,0,0
1067.3,7.71,3,89.9,9.4,1,1,0
708.38,32.22,3,108.3,8.4,0,1,0
545.32,21.76,1,60.8,17.6,0,0,1
614.2,16.39,1,78.6,32,1,0,0
936.34,18,3,113,4.4,1,1,0
870.72,12.6,2,63.3,12.6,1,0,1
766.24,16.86,3,99.5,41.9,1,0,0
785.41,9.32,2,61.5,17.7,1,0,0
827.21,20.23,3,116.6,37.7,0,0,1
892.11,29.52,3,103.4,33.1,1,0,1
667.34,12.32,2,90.5,3.7,0,0,0
631.87,11.65,1,63.2,24.1,0,1,0
985.96,10.25,2,74.3,1.3,1,0,1
947.72,13.12,3,86.3,23.9,1,0,1
542.19,32.69,2,105,10.7,0,0,0
862.56,3.26,1,60.3,10,0,1,0
494.39,11.09,1,37.9,51.5,0,1,0
1512.63,5.55,4,115.7,5.4,1,1,1
1125.35,7.03,3,108.1,7.5,0,0,1
768.26,23.49,3,121.8,7.5,0,0,0
857.39,2.27,1,49.3,29.7,1,0,1
1256.14,12.52,3,115.3,32.1,1,1,1
808.49,26.53,3,124.6,17.2,0,1,0
644.99,3.8,1,57.2,25.8,0,0,0
971.26,5.71,2,67.3,5.2,1,0,1
1087.53,22.1,5,182.6,55.6,0,0,1
670.83,31.73,2,88.7,8.6,1,0,0
1520.6,4.23,5,136.5,31.5,1,0,1
1240.63,1.16,3,86.9,13.3,0,0,1
1067.59,1.87,2,67.9,15.9,0,0,1
844.64,13.17,2,78.3,7.2,1,0,1
551.67,24.93,1,80.2,20.4,1,1,0
1233.2,7.87,4,121,31.1,0,0,1
919.85,2.98,2,61,10.5,0,0,1
585.67,31.83,3,109.6,40.3,0,0,0
846.88,18.28,2,97.5,2,1,0,0
904.25,12.49,3,116.8,14.9,0,0,0
1060.07,13.58,3,90.7,14.8,1,0,1
330.97,18.5,1,47.3,28.3,0,0,0
835.3,5.33,1,35,10.9,0,0,1
862.85,23.27,4,129.6,3.7,1,0,0
695.47,15.66,1,59.9,79,1,1,1
590.79,31.66,3,109.5,28.6,0,0,0
496.84,24.9,1,68.8,35.4,1,0,0
942.2,13.9,2,54.7,16.7,1,1,1
950.27,11.34,2,65.5,3.4,0,1,1
487.6,16.76,1,67.8,3.1,0,0,0
805.42,18.05,3,117.8,12.6,0,0,0
838.78,4.86,2,84.8,12.4,0,0,0
663.36,24.62,3,107,59.1,1,0,0
868.76,5.98,1,65.4,10.3,0,0,1
990.98,3.84,2,74.4,37.6,0,1,1
1136.66,28.24,4,132.3,5.9,0,1,1
736.46,5.41,2,56.3,13.6,1,0,0
952.19,15.02,2,100.4,20.4,1,0,1
1124.79,1.71,3,91.2,37.7,0,0,1
818.04,22.91,3,119.8,2.4,1,0,0
1330.21,4.53,3,99.2,6.9,1,1,1
862.41,5.62,2,73.2,14.4,1,1,0
921.35,2.12,2,67.1,13.9,0,0,0
1167.68,3.62,3,82,3.8,1,0,1
452,21.53,1,67.5,16.1,0,0,0
712.28,31.98,4,162.7,99.9,0,0,0
772.24,12.31,2,86.5,3.7,1,0,0
910.39,16.36,3,97.2,3.9,1,0,0
565.66,18.6,2,77.3,16.5,0,0,0
1060.85,2.84,3,77.7,22.4,1,1,0
1391.38,4.22,4,126.8,5.2,1,0,1
683.9,7.05,1,58.2,31.3,0,0,1
957.91,1.96,1,47.7,11,0,1,1
589.14,19.72,2,100.4,36,0,0,0
540.67,34.99,3,106.9,28.2,0,0,0
1210.97,2.13,3,91.3,5.8,0,0,1
830.16,21.14,4,125.6,9.3,0,0,0
856.74,27.22,4,123.1,9,1,0,0
713.48,13.09,2,67.3,14.3,0,0,0
966.48,13.22,4,137.3,9.1,0,0,0
722.14,16.62,3,104.8,35.1,1,0,0
1044.33,2.86,2,42.5,20.5,1,1,1
644.57,15.4,2,93.5,59.3,0,0,0
713.13,4.48,2,35,6.1,0,0,0
986.9,7.39,2,62.1,11.2,0,1,1
905.24,7.59,2,66,21.5,0,0,1
1172.77,4.99,2,65.8,13.6,1,1,1
992.71,7.11,4,127.5,41.5,0,0,0
860.05,25.32,3,118.6,18,0,0,1
871.52,11.67,3,94,10.5,0,0,0
491.59,13.74,1,47.3,10.6,0,1,0
670.6,33.47,3,119.3,16.8,0,0,0
1022.9,21.97,3,120.5,10.4,0,1,1
729.7,15.96,2,91,16.4,0,0,0
773.86,24.71,4,121.8,12.3,0,0,0
617.61,10.79,1,60.2,14.3,1,0,0
1170.39,29.68,4,162.8,21.4,1,0,1
796.42,1.49,2,42.2,50.6,0,0,1
618.37,20.09,2,97.6,30.6,0,0,0
944.26,17.52,3,103.3,34.9,0,0,1
1021.95,11,2,96.4,13.8,0,1,1
969.81,5.82,2,67.8,11.6,0,1,1
981.9,4.11,2,74.4,13.5,1,1,0
711.48,10.76,2,66.9,10.5,0,0,0
622.47,25.85,3,100.3,25.5,0,0,0
590.27,20.83,2,70.9,4.9,0,1,0
647.01,1.41,1,42.1,31.1,1,0,0
483.74,28.71,2,88.1,16,0,0,0
894.58,13.66,2,112.4,15.2,0,0,1
817.51,17.41,3,101.8,4.8,0,0,0
781.65,20.44,4,125.6,17.4,0,0,0
1094.28,21.85,5,159.5,21.7,0,0,1
1053.87,3.13,2,58.7,23.1,1,0,1
839.7,21.75,4,117.4,25.8,1,0,0
1340.63,8.2,5,153.6,9.2,0,0,1
846.7,23.55,3,127.6,0.1,0,1,0
897.19,15.7,2,74.5,25,1,0,1
744.03,10.22,1,48.6,17.3,1,0,1
1023.01,7.22,3,98.3,16.6,0,0,1
1218.98,13.89,5,152.2,4.9,0,0,1
684.73,15.36,2,76.2,10.3,1,0,0
556.21,18.81,1,53.4,38.5,1,0,1
655.91,6.68,2,69.7,69.9,0,0,0
975.18,5.24,2,57.6,52.3,1,1,1
284.66,15.79,1,35.9,32,0,0,0
671.93,3.9,1,35,12.4,0,1,0
986.08,5,2,73.5,46.5,1,0,1
1096.93,2.15,2,75.9,14.8,1,0,1
918.8,13.23,3,86.8,29.3,0,0,1
747.06,20.76,3,112.4,18.9,1,0,0
468.62,25.17,1,79.3,39.7,0,1,0
996.23,20.67,3,110.3,12.9,1,1,0
1053.3,12.66,5,120.7,5.8,0,0,0
642.88,15.13,2,85.6,8.5,0,0,0
1233.56,1.3,3,106.2,18.9,1,1,0
844.05,17.71,2,76.9,9,1,0,1
743.56,9.58,2,82.9,17.5,0,0,0
944.52,12.53,4,134.3,28.2,0,0,0
928.9,11.3,2,92,38.9,1,0,1
676.28,5.59,1,47.4,36.1,0,1,0
806.21,9.17,1,65.3,5.8,1,0,1
1073.75,13.12,4,122.9,29.1,0,0,1
677,29.63,4,132.1,11.4,0,0,0
548.9,20.36,1,67.7,24.2,1,0,0
1066.3,13.78,4,121.5,15.6,1,0,0
626.07,24.1,2,109.1,27.5,0,0,0
754.88,9.19,2,90.9,18.6,0,0,0
810.42,2.45,1,35,10.2,0,0,1
1130.12,12.1,4,109.1,25.8,0,0,1
909,6.81,1,43.9,3.3,1,1,1
1196.98,6.79,3,92.8,2,0,1,1
695.34,9.72,1,35,4,0,0,1
1128.05,9.05,3,110.9,3.9,0,0,1
1247.22,5.75,3,121.4,36.3,0,1,1
612.92,27.08,2,96.9,25.9,1,0,0
1065.25,4.53,3,90.3,26.4,0,1,0
770.76,28.73,4,131.8,22,0,0,0
925.58,38.28,5,191.2,11.6,0,0,0
860.12,3.55,2,61.4,12.7,0,1,0
859.1,10.59,3,86.9,11.5,1,0,0
1094.38,3.87,1,79.6,7.4,1,1,1
867.05,7.78,1,60.7,28.3,1,0,1
864.5,10.93,3,93.9,15.1,0,0,0
631.63,13.78,1,49.8,9.5,1,1,0
678.81,12.46,2,61.4,0.9,1,0,0
797,10.63,2,69.5,82.1,1,0,1
536.73,15.01,1,52.6,30,0,0,1
1275.11,5.72,3,90.9,9.6,1,1,1
1143.3,6.76,3,98.8,13.9,1,0,1
1216.41,2.72,3,87.9,25.2,1,1,1
909.09,16.92,2,108.2,15.6,0,1,1
945.16,8.77,1,68,17.6,1,1,1
659.61,4.26,1,35,59.2,0,0,1
939.07,1.92,1,48,19.7,1,1,1
805.4,2.98,1,45.8,12.8,1,1,0
590.1,5.85,1,51.8,23.4,0,0,0
854.63,11.33,3,110.1,25,0,0,0
331.45,30.08,1,72.7,23.7,0,1,0
681.98,14.12,1,49.9,7.1,1,0,0
679.41,14.33,2,67.3,8.9,0,1,0
562.53,24.77,1,60.6,8.4,1,0,0
773.89,5.41,1,56,2.1,0,1,1
789.11,9.11,1,47.6,38.1,1,0,1
1084.3,7.55,2,79.8,3.5,1,1,1
1400.47,1.68,3,99.7,6.8,1,1,1
937.9,3.73,2,58,11.5,0,1,0
701.71,37.23,4,151.3,27.9,0,0,0
929.93,1.59,1,55.6,27.2,1,1,1
1144.82,2.66,2,101.6,19.7,1,0,1
776.06,2.64,1,57.2,66.6,1,0,1
740.75,4.81,1,40.2,8.7,1,0,1
893.36,8.71,1,69.8,20.4,1,1,1
569.83,36.82,3,128.5,39.2,0,0,0
974.05,6.42,2,68.5,38.2,1,0,1
934.95,3.4,3,73,16.3,0,0,0
816.81,3.58,1,45,43.2,1,1,1
1269.94,12.34,4,129.2,2.8,1,0,1
665.27,3.75,1,35,15.5,0,0,1
652.32,10,1,43.4,13.1,1,0,0
716.83,24.99,3,85.4,14.8,1,0,0
884.57,23.05,4,128.4,15.2,0,0,0
826.84,2.38,1,53.8,10.9,0,0,1
1153.26,8.99,3,116.8,4.8,0,0,1
819.67,19.1,3,136.9,24.7,0,0,0
909.56,9.29,2,83.1,26.6,1,0,1
837,3.3,1,65.9,31.9,1,0,0
591.35,9.34,1,43.9,15.3,0,1,0
1006.21,10.63,3,91.8,19.7,0,0,1
724.61,26.61,2,95.3,19.2,0,1,1
932.79,7.63,1,45.7,1.9,1,1,1
832.18,1.15,1,35,23.4,1,0,1
696.2,26.41,2,110,10.9,1,0,0
1095.12,11.18,3,122.4,19.5,1,0,1
425.49,18.3,1,62.1,65.3,1,0,0
961.01,4.33,1,68.6,7,1,0,1
676.61,11.45,2,82.7,15.7,0,0,0
528.22,30.72,2,95.8,7.5,0,0,0
1127.24,8.54,4,105.5,17.8,1,1,0
999.34,3.27,2,53.2,1.2,1,0,1
740.27,16.28,3,113.2,21.2,0,0,0
902.06,6.29,1,45.1,8.7,1,1,1
746.86,4.41,1,53,13.8,1,0,0
837.82,21.93,3,106.9,6.4,0,1,0
900.42,25.17,3,128,32.2,1,0,1
582.92,29.12,2,81.9,24.1,0,0,1
830.76,5.72,1,63.3,39.1,1,0,1
1355.41,29.33,5,147.6,12.5,1,1,1
754.93,4.89,1,55.4,17.3,0,1,0
971.36,33.4,3,118,26.9,1,0,1
1030.09,11.74,4,114.4,16.6,0,0,0
701.45,32.16,3,120.9,2.9,0,0,0
1001.1,2.72,2,60.2,19.2,1,0,1
1142.31,1.74,4,120.7,27.9,0,0,0
880.73,1.77,2,82.5,16.8,0,0,0
968.7,5.83,1,50.4,20.6,1,1,1
984.31,7.61,2,69.3,6.9,0,0,1
775.17,7.53,2,59,16.2,0,1,0
741.08,11.58,2,59.5,57.7,1,0,1
1105.45,2.07,2,76.4,15.5,1,0,1
1086.62,2.09,2,73.7,41.2,1,1,1
592.81,22.83,2,65,23.1,1,0,0
714.88,14.14,2,103.9,7.7,0,0,0
1058.09,15.7,4,144.6,19.6,0,1,0
1127.78,10.95,2,99.7,12.9,1,1,1
641.08,12.55,1,51.3,6.5,1,0,0
948.25,0.81,1,63.6,41.2,1,0,1
369.49,26.95,1,64.9,7.4,0,0,0
863.93,2.77,1,56.1,18.2,1,0,1
1221.49,2.37,2,72.7,23.1,1,1,1
670.16,33.65,3,138.3,28,0,0,0
1030.19,16.68,3,99.9,29.2,1,0,1
1121.71,2.84,3,109.1,49.9,0,0,1
690.56,18.37,2,88,11,0,0,0
616.74,9.92,1,36.9,2.5,0,0,0
1353.32,8.64,4,116.2,7.9,0,1,1
1019.38,1.91,1,71.7,9.1,0,1,1
1135.07,8.01,3,93.6,3.9,1,0,1
1045.63,16.8,3,104.1,13.3,1,0,1
675.39,40,4,145,14.1,0,0,0
1253.24,2.31,3,88.2,16.4,1,0,1
658.2,25.4,3,129.1,50,0,0,0
718.38,6.7,1,44.7,15.9,1,0,1
960.16,1.9,2,47.4,10.6,0,0,1
731.73,28.88,3,110.4,30,0,1,0
638.43,3.61,1,35,27.7,0,1,0
678.41,14.64,3,99.1,61.5,1,0,0
841.9,2.28,1,46.7,22.7,0,1,1
498.06,13.44,1,52.8,10.8,0,0,0
1271.25,0.8,4,101.5,17.1,0,0,1
659.4,28.78,3,113.7,16.6,0,0,0
874.39,35.23,4,152.7,23.9,1,0,0
1075.18,15.36,5,155.3,10.3,0,0,0
872.09,4.94,2,95.6,6.2,0,0,0
1060.19,4.95,3,104.8,9.1,1,0,0
785.98,15.43,2,86.6,38.7,1,0,1
808.14,20.89,3,110.1,20.4,1,0,0
636.43,16.31,2,97.5,41,0,0,0
792.73,8.08,2,66.7,20.8,0,1,0
542.98,13.73,2,64.7,36.1,0,0,0
960.53,11.45,2,65.6,8.1,0,1,1
556.04,22.89,2,90.2,19.3,0,0,0
1019.6,3.34,2,66.2,16,1,1,1
968.53,4.15,2,59,1.7,0,0,1
652.62,24.59,3,136,53.6,0,0,0
633.3,13.69,1,65.4,5.7,0,0,0
705.12,1.86,1,49.7,36.4,1,0,0
659.52,20.99,2,91,13.7,0,0,0
658.18,4.43,1,35,10.7,0,0,0
685.05,7.43,1,48.9,9.4,0,1,0
1077.62,8.04,5,124.7,24,0,0,0
702.75,5.63,2,71.4,43.6,0,0,0
818.51,5.4,2,80.5,23.3,0,1,0
1039.4,11.49,4,133.9,34.3,1,0,0
581.6,29.96,3,118.9,20.4,0,0,0
914.43,3.67,1,38,5.8,1,0,1
719.07,10.45,1,72.8,13.1,1,0,0
656.39,14.76,2,87.9,33.5,1,0,0
1222.46,8.95,4,123.9,20.5,1,0,1
1228.99,3.38,3,78.9,15.4,1,0,1
722.44,2.46,1,36.6,38.2,1,0,1
898.64,9.84,3,95.4,7.5,0,0,0
590.71,20.3,2,88.2,25.9,0,0,0
1063.06,16.02,3,96.5,21.9,1,0,1
745.61,23.9,3,108.4,16.2,0,0,1
1251.73,7.53,5,138.8,20.8,1,0,0
800.4,21.22,4,126.1,1.3,0,0,0
1186.79,12.62,3,112.4,33.2,1,1,1
958.41,9.17,2,78.5,2.5,0,0,1
974.59,18.78,2,85.7,7.6,1,1,1
752.63,1.52,1,42.1,35.5,0,0,1
912.56,10.73,3,111.4,2,0,0,0
897.53,3.19,1,80.2,23,0,0,1
755.59,7.18,1,51.7,17.1,1,1,0
879.35,3.49,2,72.1,9.2,1,0,0
933.68,6.58,2,42.7,6.7,1,0,1
834.04,10.06,2,97.4,7.8,0,1,0
1115.15,9.43,2,108.8,30.3,1,1,1
974.28,29.89,3,124.1,22.5,1,0,1
1128.73,7.72,2,105.7,4.8,1,1,1
772.54,14.09,1,56.3,12.2,0,1,1
801.73,11.59,1,48.1,40.8,1,1,1
1291.09,3.16,3,104.9,24.2,1,1,1
835.67,10.52,3,100.9,22.2,0,0,0
1213.49,10.17,3,122.2,10.9,1,0,1
893.35,19.73,3,93.3,8,0,0,1
830.31,25.98,3,142.4,22.3,1,0,0
892.99,5.29,1,64.7,2.4,0,1,1
692.87,26.64,2,90.5,10.7,1,1,0
849.18,4.04,1,35,1.3,1,0,1
677.04,29.61,4,136.4,37,0,0,0
828.86,10.25,2,70.3,19.1,1,0,0
1000.94,21.86,4,135.1,8.9,1,0,0
575.9,22.42,1,65.6,9.2,1,1,0
928.76,1.21,2,75.9,41.2,0,1,0
886.36,12.12,4,134.6,31.4,0,0,0
1137.94,12.88,5,152.8,6.6,0,0,0
731.53,28.54,4,132.1,30,0,0,0
861.5,23.11,2,115,5.5,0,0,1
1077.19,3.67,2,79.3,14.9,1,0,1
824.2,19.71,2,103.2,3.5,0,0,1
826.71,6.77,1,60.6,29.7,1,0,1
917.02,14.01,3,105.5,11.7,1,0,0
647.51,10.93,1,57.8,38.7,0,0,1
1057.43,34.74,3,121.8,6.2,1,1,1
934.43,7.51,2,77.3,20.8,0,0,1
778.67,4.73,2,52,12.7,0,1,0
866.34,18.52,2,97,8.6,1,0,1
693.71,11.9,1,49.1,17.7,0,1,1
845.79,22.25,3,123.7,25.8,1,0,0
928.97,21.39,3,139.5,15.1,0,1,0
921.12,19.19,2,92.7,20.4,1,0,1
1000.09,18.79,2,105.1,17.7,1,1,1
796.86,3.79,1,68.5,1.6,1,0,0
1070.16,1.37,2,63.7,15.4,0,1,1
657.98,11.22,1,39.6,13.3,1,1,0
1357.87,2.19,3,109.5,9.3,1,0,1
1402.63,5.55,3,106.4,5.8,1,1,1
1074.02,29.58,4,157.1,28.9,1,1,0
760.37,7.91,1,41.4,25.5,1,1,1
640.81,23.25,2,87.5,19.6,0,0,1
509.6,26.98,3,83.1,11.4,0,0,0
1003.22,6.53,2,67.6,10.8,1,0,1
1072.44,5.84,2,59.8,27.2,1,1,1
955.63,3.23,2,88.4,25,0,1,0
421.87,14.17,1,40.5,33.2,0,0,0
1277.65,2.04,3,100.9,18.7,1,0,1
776.06,4.82,1,35,8.9,1,0,1
942.46,4.05,2,70.4,6.1,0,1,0
690.32,3.14,1,44.2,37.3,0,1,0
955.41,4.85,2,85.5,12,1,1,0
1032.71,8.57,3,99.6,22.3,1,0,1
1052.59,30.37,4,167.6,25.5,1,1,0
961.5,14.53,2,107.9,8.9,1,0,1
987.4,18.64,4,131.7,28.4,0,1,0
643.24,7.59,1,49.7,11.7,1,0,0
612.27,23.51,2,64.6,21.4,1,1,0
644.03,15.3,1,55.2,7.2,0,1,0
1117.08,3.26,2,52.5,8.1,1,1,1
1080.43,24.09,3,136,5.6,1,1,1
1029.13,12.99,4,98.8,48.3,1,0,1
710.12,16.73,3,88.4,13.9,0,0,0
824.93,6.21,2,64.8,8.6,1,0,0
661.7,24.75,3,109.7,19.7,0,0,0
876.32,2.28,1,35,8.6,1,0,1
755.86,24.13,3,105.7,3.1,0,0,0
992.55,9.14,2,78.1,14.6,1,0,1
815.75,10.79,2,60.1,9.7,0,0,1
839.25,10.41,3,111,6.5,0,0,0
1192.3,7.96,4,102.9,3.8,0,0,1
700.37,9.65,1,75.6,14.3,0,0,0
581.67,37.85,2,98.5,19.2,1,0,0
1038.25,3.07,2,68.9,4.5,0,0,1
864.56,14.69,3,101.7,4,1,0,0
785.6,3.52,1,41,13.8,1,0,1
1063.76,33.59,4,142,17.6,0,1,1
938.2,7.69,1,53.6,15.1,1,1,1
700.95,36.8,3,115.9,25.2,0,1,0
653.8,12.22,1,61.7,37.7,1,0,0
859.78,22.77,3,99.3,27.9,1,0,0
907.77,3.76,1,45.5,17.6,1,1,1
910.32,3.08,1,51.3,6.5,1,1,1
567.5,28.43,2,94.6,18.3,0,1,0
481.63,28.85,2,75,32.3,0,1,0
630.28,15.46,1,62.3,36.8,1,1,0
689.18,9.95,1,53.7,6,0,1,0
1019.34,18.17,3,95.1,6.1,1,0,1
1137.41,5.3,2,89.8,35.4,1,1,1
945.15,9.67,2,91.9,11.9,0,0,1
842.02,9.16,1,56.1,15.9,1,1,1
484.9,28.35,2,102.6,46.9,0,0,0
1017.38,26.31,3,123.4,11.2,1,1,1
971.8,13.87,3,93.7,9,0,1,0
829.92,5.19,2,66.2,16.6,1,0,0
567.42,6.25,1,44.8,20.1,0,0,0
661.39,22.34,2,81.3,22.8,1,0,0
1119.78,7.65,4,129.5,17.2,0,0,0
872.66,4.35,2,62.3,43.9,1,0,1
487.21,25.62,1,80,6.8,0,1,0
707.72,14.65,2,85.6,6.6,0,0,0
1041.16,1.57,2,63.6,24.9,1,1,1
879.59,6.4,2,65.3,9.5,0,1,0
880,5.43,1,61.4,40.6,1,0,1
736.86,27.15,2,86.9,31.2,1,0,1
751.95,4.7,1,54.8,10.3,0,0,0
1012.59,17.94,3,88.3,24.6,0,1,1
886.56,3.54,2,67,10.1,1,0,0
480.73,24.75,1,63,25.9,1,0,0
752.93,5.2,2,59.6,5.4,1,0,0
876.9,23.06,4,168.1,25.1,0,0,0
943.43,2.7,2,84.1,33.3,0,1,0
631.34,27.69,4,116.8,64.2,0,0,0
884.53,27.41,5,157,25.5,0,0,0
981.73,1.37,1,35,23.3,1,1,1
1069.97,12.84,3,97.4,11.6,1,1,1
850.33,3.98,2,73.9,1.8,0,0,0
1027.64,3.59,2,56.8,16.4,0,1,1
658.59,8.78,1,46.5,5.9,1,0,0
752.43,8.3,2,68.1,11.2,1,0,0
1110.19,3.4,3,94.3,41.3,1,0,1
1338.49,11.47,5,117.6,7.8,0,0,1
551.63,6.42,1,45.9,73.4,1,0,0
881.36,15.33,3,120.2,6.1,1,0,0
668.21,7.85,1,44.6,74.8,1,0,1
1135.97,3.97,2,92.6,11.5,1,0,1
794.43,13.85,2,86.4,4.8,1,0,0
732.68,20.28,2,105,31.3,0,0,1
1210.44,3.25,3,74.1,22.4,1,0,1
817.14,37.55,4,138.4,11.9,0,0,0
832.38,12.85,2,88.6,21.5,0,1,1
934.02,19.08,3,110.1,53,1,0,1
805.61,10.01,2,85,18.6,0,0,0
1238.03,3.43,4,114.3,44.2,1,1,0
876.99,3.54,1,60.4,9.2,1,1,0
707.54,8.68,2,68,13.9,0,0,0
749.35,29.05,3,107.2,25.4,0,1,0
574.79,30.98,2,102.8,19.9,0,1,0
978.01,9.19,2,117,12.4,0,0,1
910.73,13.38,2,101.1,5.2,1,1,0
976.61,2.4,1,62.7,22.3,1,0,1
715.34,12.17,2,46.5,1.9,1,0,1
345.28,16.43,1,45.5,40.4,0,0,0
1041.23,17.13,3,115.5,10.2,0,1,1
816.02,5.98,1,47.3,17.6,0,1,1
982.45,6.02,2,67.6,9.9,1,0,1
755.43,4.86,1,36,17.4,1,0,1
721.81,14.28,3,75.1,37.5,0,0,0
943.89,23.29,3,116.1,17.9,0,0,1
263.47,21.98,1,44,16.5,0,0,0
579.72,14.79,1,45.7,15,0,1,0
726.41,10.27,1,56.5,12,1,1,0
854.98,10.86,2,81.7,8,1,0,0
679.13,36.13,3,114.8,31.9,0,1,0
860.66,20.85,4,136.3,22.9,0,0,0
583.4,20.88,2,85.6,60.4,1,0,0
812.3,13.44,2,84.4,6.3,1,0,1
899.34,1.33,2,63.3,32.3,1,0,0
968.96,4.45,1,52.9,30,1,1,1
754.36,13.11,1,63.4,17.8,1,1,1
1010.95,19.22,5,174.1,10.5,0,0,0
872.88,22.29,4,129.4,29.3,0,0,0
1024.12,17.52,5,155.6,32.6,0,0,0
840.04,3.8,2,59.3,19.5,0,1,0
773.16,9.35,2,64.2,3.8,0,0,0
1262.56,2.71,3,88.6,22.5,1,1,1
749.41,34.08,5,159.3,30.5,0,0,0
730.6,2.88,1,35.8,10.4,0,1,0
726.08,18.36,2,106.2,3,0,0,0
1336.36,1.76,3,125,10.4,0,0,1
920.08,24.79,4,126.3,10.5,1,0,0
1204.69,1.83,3,109.1,27.9,0,1,0
862.62,13.94,2,95.8,5.1,1,1,0
410.77,15.91,1,37.5,8.5,0,0,0
695.1,31.8,3,114.3,19.7,1,0,0
770.15,16.99,2,83,15.4,0,1,0
1070.73,9.09,4,119.5,13.6,0,1,0
779.71,37.27,2,94.8,18.2,0,1,1
781.07,7.67,1,35,11.3,1,1,1
927.06,8.37,3,104.9,13.5,0,0,0
1147.19,5.48,3,101.5,8,1,1,0
971.31,3.88,1,81.2,6.1,1,0,1
891.64,24.34,4,136,53.1,0,1,0
1078.2,6.19,3,95.4,2.8,0,0,1
800.57,17.24,3,86.9,86.2,1,0,1
803.86,5.54,1,59.3,7.7,1,1,0
844.89,26.99,4,126.4,32.7,1,0,0
761.52,14.18,3,110.7,72.8,0,0,0
764.64,2.43,1,35,36.3,1,1,0
856.1,20.33,4,136.5,21.1,0,0,0
968.76,21.62,4,111.8,20.8,1,1,0
611.89,39.17,2,91.1,15.5,1,0,0
519.66,15.74,1,73.8,7.6,0,0,0
940.93,29.2,4,150.8,2.8,0,1,0
763.8,2.1,1,37.4,29.8,1,0,1
770.22,26.92,3,115.5,24.1,0,1,0
388.8,22.08,1,60.2,46.9,0,0,0
898.08,9.03,2,79.1,18.1,0,1,1
995.6,4.11,2,69.3,15.1,1,1,1
842.61,22.64,2,112.8,6.9,1,0,1
1169.75,21.51,5,153.3,11.7,1,1,0
793.47,4.06,2,71,36.8,1,0,0
561.66,35.32,2,111.4,23.1,0,1,0
690.75,9.01,1,42.6,21.5,1,0,1
1148.29,11.47,3,94.3,9.1,1,0,1
758.39,3.43,1,43.3,37.9,1,1,0
1054.42,2.1,2,53.5,29.5,1,1,1
1008.86,16.12,3,103.8,34.1,0,0,1
1289.37,1.93,3,107.8,9.6,1,0,1
620.42,38.53,3,134.7,6.4,0,0,0
1261.89,10.01,4,117.8,14.3,1,0,1
758.1,16.1,2,96.3,53.6,0,0,1
706.6,33.58,4,114.9,42.9,0,0,0
960.4,33.82,5,179.8,6.7,0,1,0
1051.29,15.83,3,99.1,7.2,1,0,1
618.65,23.88,2,86.8,18,0,1,0
557.77,16.89,2,73.2,24.5,0,0,0
846.03,17.49,4,115.8,1,0,0,0
600.3,19.36,2,90.7,4.4,0,0,0
947.1,6.71,2,83.7,27.7,0,0,1
598.28,7.43,1,58.3,25.3,0,1,0
856.38,17.28,3,100.8,23.2,0,0,1
644.18,13.52,2,80.2,47.2,0,0,0
853.46,12.66,2,73.7,6.1,0,1,0
598.07,24.89,2,100.2,17.4,0,0,0
1099.63,2.79,2,66,19.8,0,1,1
796.61,25.9,2,105.7,27.2,1,0,1
479.12,27.74,3,106.4,58.3,0,0,0
743.35,17.94,2,94.1,21.4,0,1,0
1276.74,1.52,3,95.2,33.4,1,0,1
754.5,24.9,4,135,38.1,0,0,0
664.61,4.37,1,59.8,12.6,0,0,0
1148.74,5.51,4,118.5,16.8,0,1,0
752.01,22.03,2,81.5,35.8,0,1,1
1202.07,3.95,3,113.3,55.3,1,0,1
1107.78,2.29,2,68.2,6.6,1,0,1
1198.55,10.99,4,94.8,14.2,1,0,1
695.22,19.09,2,88.4,27.8,0,1,0
773.45,8.87,2,78.5,15.3,0,0,0
922.2,26.28,4,131.3,10.9,0,1,0
568.8,13.33,1,47.2,6.4,0,1,0
706.14,29.04,2,78.8,8.1,1,0,0
544.86,17.13,1,58.1,34.3,0,0,1
1186.89,2.03,2,69.4,3.7,1,1,1
833.64,4.58,1,35,41.8,1,1,1
861.82,11.91,2,84.7,13.4,0,0,1
775.17,6.65,1,53.3,4.2,0,0,1
194.26,40,1,63.8,47.7,0,0,0
879.21,8.79,2,91.1,17.3,0,1,0
1012.21,10.8,3,101.9,34.8,1,0,1
806.32,20.24,3,133.3,12.9,0,0,0
541.94,16.7,2,60.2,11.4,0,0,0
1040.62,9.91,5,150.7,32.2,0,0,0
870.17,16.05,4,120.4,21.1,0,0,0
476.67,9.6,1,36.5,24.1,0,0,0
745.27,15.47,2,71.2,7.3,1,0,0
794.65,17.74,3,95.5,11.1,0,0,0
517.34,32.88,3,114.6,62.2,0,0,0
868.96,3.68,2,48.9,7.9,0,0,1
1191.88,2.18,2,78.1,8.1,0,1,1
1162.28,1.42,2,80.3,10.6,0,1,1
727.96,17.09,2,64.2,22.5,0,0,1
609.18,9.94,1,41.7,19.2,1,0,1
936.98,5.04,2,75.3,15.6,1,0,1
746.88,14.05,2,83.7,14.4,0,0,0
695.75,13,2,96.7,20.1,1,0,0
614.97,17.92,3,105.3,49.7,0,0,0
896.02,14.98,3,106.9,10,1,0,0
950.27,12.13,2,76,5.1,1,0,1
712.73,8.42,1,50.1,35.9,1,0,1
884.74,10.73,2,82.5,30.2,1,0,1
1149.84,10.65,4,128.7,24.1,0,0,1
880.06,8.72,1,71.1,0.8,1,1,0
805.67,30.35,2,83.3,23.5,1,1,1
783.22,21.75,3,105.8,19.3,0,0,1
883.84,18.76,2,96.5,4.5,1,0,1
781.7,6.36,1,46.4,12.5,1,0,1
1307.94,2.86,3,112.1,35.5,1,1,1
777.09,6.99,1,50.2,41.8,0,1,1
755.67,15.18,1,58.1,25.7,1,1,1
1138.99,6.71,3,71.6,35.8,1,1,1
678.47,27.24,3,140.3,4.8,0,0,0
884.06,1.99,1,59.1,6.6,0,0,1
478.83,23.44,2,80.8,10,0,0,0
962.84,1.59,1,54.9,10,0,0,1
645.76,15.73,2,72.5,15.7,1,0,0
520.27,25.13,2,84.4,16.8,0,0,0
810.08,17.66,3,96.1,9.4,0,1,0
839.09,5.66,1,56.1,3.4,0,1,1
695.45,6.89,1,57.7,23,0,0,0
1017.06,8.47,3,128.4,19.5,1,0,0
495.22,25.28,2,96.6,32.2,0,0,0
789.26,9.97,2,72.2,17.5,1,0,0
815.6,21.23,2,72.4,0.7,0,0,1
754.68,1.67,1,57.4,62.2,0,0,1
575.34,21.34,2,89.6,26.1,0,0,0
1115.93,10.64,4,127,17.2,1,0,0
783.12,31.68,3,102.3,34.3,1,0,1
537.99,20.42,1,81.7,24,1,0,0
730.69,18.15,3,85,43.9,0,1,0
863.92,7.59,2,75.6,2.7,0,1,0
1010.68,9.26,3,90,31.4,1,0,1
1401.06,8.99,4,137.9,7.1,1,0,1
1032.19,8.14,4,127.9,49.3,0,0,0
990.03,10.09,3,126,29.6,0,0,1
873.99,13.6,3,108.7,4.9,0,0,0
618.19,11.84,1,46.3,7.3,1,1,0
882.83,7.91,3,86.2,15.9,0,1,0
991.56,3.83,2,90.4,7.2,1,0,0
715.11,24.79,3,123.5,6.3,0,0,0
1007.12,2.82,2,60,13.7,0,0,1
819.25,8.98,1,60.2,16.3,1,0,1
978.33,1.75,2,70.2,18,1,1,0
919,36.9,5,157.3,27.4,1,0,0
1153.03,2.08,2,64,4.8,1,1,1
475.58,23.49,2,55.1,23.1,0,1,0
578.7,16.57,2,77.6,52.4,0,0,0
487.13,19.99,2,78.4,26.9,0,0,0
773.36,12.09,3,85.4,27,0,0,0
805.63,7.9,3,73,25.2,0,0,0
748.22,20.86,3,110.6,12.2,0,0,0
775.48,1.38,2,58.1,12.5,0,0,0
1037.2,2.37,2,80.4,8.9,0,1,0
699.19,12.53,1,65.7,46.3,1,0,1
973.09,11.18,4,116.9,15.8,0,0,0
1023.41,8.94,2,93.2,6.8,1,0,1
779.76,17.43,3,101.7,5.8,0,0,0
651.12,10.35,1,45.1,5.8,1,0,0
679.93,26.91,4,113.4,15.2,0,0,0
792.92,14.56,2,97.2,13,0,1,0
710.49,25.18,2,94.5,24.3,1,0,0
1071.9,13.73,3,91.6,36,1,0,1
1014.74,10.39,3,79.7,4.8,1,1,0
597.71,26.36,2,98.5,20.2,0,0,0
502.33,19.66,2,70,19.9,0,0,0
699.36,7.53,1,46,52,1,1,0
673.69,4.27,1,52.1,13.5,1,0,0
524.5,21.19,1,43.6,9.6,1,0,0
1001.34,13.66,4,126.8,38.9,1,0,0
877.4,12.82,2,94,29.6,1,1,0
766.35,11.79,2,84.9,23.7,1,0,0
1102.59,1.98,2,74.1,10.2,0,0,1
900.62,32.41,4,146.4,17.7,1,0,0
1200.31,17.82,4,111.9,1.9,1,0,1
601.84,29.03,2,91.2,4.9,0,0,0
477.04,17.27,2,76.3,46.7,0,0,0
560.7,17.44,1,60.4,23.8,1,0,0
717.98,7.75,2,66.9,5,0,0,0
651.54,3.44,1,47.1,38.1,0,0,0
774.81,7.69,1,51.7,13.6,1,0,1
590.84,21.51,1,66.1,27.7,0,0,1
890.45,8.86,3,81.3,4.6,0,1,0
1051.6,6.91,2,90.9,28.3,0,1,1
523.46,33.87,2,95.1,35.3,0,0,0
572.61,23.13,2,84.5,25.3,0,1,0
775.12,3.56,1,64.7,16.7,0,0,0
1023.96,20.11,5,149.6,26.5,1,0,0
1152.27,3.68,2,66.3,5.9,1,1,1
773.27,12.37,3,99.4,8.6,0,0,0
786.74,10.66,1,73.6,13.5,1,1,0
768.91,19.93,2,102,20.7,1,0,0
636.03,15.31,2,79.5,34.9,0,0,0
1060.6,7.44,2,79.5,6.3,0,1,1
527.14,9.63,1,43.5,22.7,0,0,1
1196.11,5.84,3,116.9,24.7,1,0,1
895.31,1.45,1,37,7.4,0,1,1
791.74,6.46,1,56,39.9,1,0,1
974.03,10.72,4,121.8,17.6,0,0,0
1033.55,12.18,2,95.7,18.3,1,1,1
621.5,11.02,2,48.7,4,0,0,0
648.03,19.23,2,57.9,8,0,0,1
777.11,26.74,4,130,25.9,0,0,0
1210.41,22.56,5,156.9,19.7,0,0,1
1273.12,2.16,3,60.6,19.4,0,1,1
683.92,4.37,1,50.7,37.1,0,0,0
929.36,10.29,1,62.1,9.6,1,0,1
1015.81,2.64,2,75.6,9.5,1,0,1
988.39,8.43,4,117.6,24.8,0,0,0
903.74,1.81,1,41.7,10.2,1,0,1
835.58,10.32,1,68.9,3.9,1,1,0
800.39,22.42,3,103.5,14.6,0,1,0
461.1,18.32,1,56,25,1,0,0
618.87,13.68,2,70,35.3,0,0,0
898.79,2.57,1,36.5,15.6,1,0,1
659.89,22.19,3,124.1,35.5,0,0,0
828.95,22.7,4,136.6,45.5,0,0,0
488.61,26.36,2,93.6,48.2,0,0,0
985.99,24.12,3,135.1,32.2,1,0,1
750.28,6.15,1,35,7.8,0,0,1
848.3,12.21,3,105.7,16.3,0,0,0
1166.45,21.86,5,157.5,20.2,1,0,1
1161.82,8.03,3,119.5,12.8,0,1,1
760.54,15.2,2,74.4,19,0,0,1
806.04,3.46,2,66,12.4,1,0,0
826.77,4.92,2,81.3,13.2,0,0,0
1082.02,13.35,3,107,23.1,1,0,1
806.4,7.73,2,66.1,11.2,0,0,1
930.67,1.58,1,52,18.5,0,1,1
865.49,6.89,2,71.7,13.5,0,0,1
994.49,3.36,2,59.5,7.5,1,1,0
949.22,7.71,2,73.4,16.4,1,0,1
1201.04,14.24,3,101.5,24.7,1,1,1
977.89,30.14,3,125.1,2.6,0,1,1
479.97,30.92,2,91.7,40.8,0,0,0
500.11,17.9,1,88.3,3.1,0,0,0
475,11.69,1,39.3,9.5,0,0,0
747.59,8.87,2,82.6,28.6,0,0,0
729.98,9.7,1,53.4,15.1,1,1,0
983.88,5.63,2,72.4,59.9,1,0,1
720.66,27.56,3,108,13.8,0,1,0
1016.07,25.38,3,125.6,13.1,0,1,1
803.5,12.31,1,49.5,10.3,1,1,1
868.18,15.21,2,79.2,19.8,1,0,1
940.04,4.48,2,69.4,11.8,1,0,1
928.48,2.26,1,54.6,9.9,1,1,0
1028.49,12,4,139.3,21.2,1,0,0
834.63,2.04,1,55.1,10.9,0,0,1
987.06,3.36,2,63.3,15.1,1,0,1
1030.15,14.21,3,86.7,20.5,1,0,1
837.46,26.45,5,138.1,5,0,0,0
681.18,21.97,3,88.8,5.7,0,0,0
667.07,11.66,1,47.7,43,1,0,1
691.25,16.21,2,81.9,5.6,1,0,0
548.65,23.32,2,84.3,24.6,0,0,0
695.79,13.21,2,85.8,43.7,0,1,0
1009.38,2.53,2,47.8,27.1,1,1,1
799.11,21.64,2,78.4,9.9,0,1,1
973.36,6.03,2,56.5,12.9,0,1,1
692.79,24.12,2,84.5,15.4,1,0,0
844.53,3.38,1,68,43.2,0,1,1
1072.46,2.51,2,55.9,24.5,1,0,1
779.19,9.69,2,58.2,50.5,1,0,1
692.76,9.72,1,38.4,20.4,1,0,1
642.41,14.18,2,83.7,22.3,0,0,0
1163.06,1.95,2,64.8,11.9,1,1,1
739.65,17.38,2,71.3,35.8,0,0,1
932.71,14.1,3,109,23.4,1,0,0
1273.42,1.24,3,103.2,29.6,0,1,1
666.99,11.67,2,82.9,54.7,0,0,0
1218.09,6.82,3,83.1,20.4,1,1,1
695.01,8.24,1,61.3,21.1,1,0,0
632.65,29.44,3,114.8,8.5,0,0,0
926.8,28.07,4,137.7,34.1,1,0,0
894.44,9.75,4,111.7,25.3,0,0,0
816.58,16.22,3,122.7,7.5,0,0,0
978.15,14.86,3,96.8,4.9,0,0,1
525.32,18.79,1,52.3,14.3,0,0,0
776.01,25.82,4,129.4,19,0,0,0
694.89,32.78,4,149.8,34.7,0,0,0
767,5.3,2,76.8,22.7,0,0,0
1161.85,0.84,2,74.3,11.9,0,1,1
802,18.54,3,108.9,7.8,0,1,0
934.25,4.03,2,60.4,15.3,0,1,1
667.35,10.06,1,59.1,22.1,0,0,1
573.31,8.96,1,41.5,43.4,0,0,1
947.43,12.7,2,73.1,5.1,1,0,1
736.23,25.61,2,99.3,7,0,0,1
981.57,4.01,2,74.6,15.7,1,1,0
887.78,1.93,2,47.1,33.9,1,0,1
991.75,12.86,3,117.3,20.8,0,0,1
1155.98,7.79,4,126.9,8.2,1,0,0
623.72,3.79,1,40.9,20.2,0,0,0
1206.68,8.41,4,120.7,26.1,1,0,1
660.38,24.1,3,112.8,30.8,0,0,0
1069.82,10.54,3,84,17.4,1,0,1
956.93,2.59,2,80.6,6,1,0,0
892.97,1.75,1,35,25.1,1,0,1
916.15,9.01,2,95.5,6.3,0,1,0
929.57,14.21,2,80.8,14.2,1,0,1
792.78,23.19,2,84.2,8.7,1,0,1
448.27,32.71,1,75,8,0,0,0
750.02,8.31,1,59.5,12.9,1,0,1
746,6.61,1,35,11.8,1,0,1
857.75,7.82,2,73.2,40.5,0,0,1
890.86,10.73,2,85.7,49.3,1,0,1
1089.81,9.95,3,102.1,17.7,0,0,1
923.44,4.08,1,63,4.6,1,1,1
1183.48,3.88,4,132,4.3,0,0,0
728.7,40,4,148.3,7.5,0,0,0
435.71,22.96,2,66.1,26.3,0,0,0
867.3,12.94,3,101.6,19.6,0,1,0
696.95,23.34,3,94.8,7,0,0,0
979.44,2.46,2,83.5,22.3,0,1,0
1161.36,5.34,4,109.6,3.1,0,1,0
673.99,10.13,2,54.2,14.3,0,0,0
591.55,27.93,2,86.6,7.3,0,0,0
1117.12,5.04,3,93.1,5.1,0,1,0
919.46,2.36,1,52.2,8.5,1,0,1
881.92,1.36,2,80.9,41.7,0,0,0
797.22,26.31,3,124.6,7,1,0,0
1007.52,2.89,3,109,47,0,0,0
1149.12,3.4,2,77.6,3.8,1,0,1
760.2,14.25,2,74.2,27.1,0,0,1
691.84,35.83,4,131.6,9.5,0,0,0
883.66,6.35,2,59.4,11.8,0,1,0
554.68,20.45,2,82.8,30.8,0,0,0
675.77,40,2,99,10.5,0,0,1
698.54,15.13,1,54.8,14.5,0,0,1
791.15,3.49,1,41.1,4.1,1,1,0
911.29,9.76,2,97.8,55.2,1,0,1
842.12,14.35,3,103.6,36.2,1,0,0
866.5,2.93,1,61.3,6.2,1,0,1
745.74,30.09,3,135.1,11.7,0,1,0
969.63,1.82,1,63.6,45.5,1,0,1
782.99,23.81,4,138.4,49.7,0,0,0
477.49,26.92,2,88.9,12.2,0,0,0
856.11,40,5,167.6,12.8,0,0,0
733.3,11.06,2,67.8,31.6,0,0,1
1166.8,14.2,5,159.7,40.9,1,1,0
992.72,3.65,2,71.2,4.2,0,1,0
1401.19,3.34,3,78.8,8.4,1,1,1
802.19,29.23,3,116.7,28.5,0,1,0
683.69,5.3,1,62.4,8.9,0,0,0
1070.31,1.12,2,66.9,19.7,1,0,1
630.9,4.26,1,43.2,41.1,1,1,0
1053.41,7.26,2,94,15.3,0,1,1
780.27,21.61,4,134.3,27,0,0,0
520.46,26.53,1,54.9,48.6,0,1,1
433.15,27.14,1,71.1,10.3,0,0,0
706.86,2.76,1,37.6,22.6,0,0,1
1294.42,1.93,3,112.7,71.1,0,1,1
1297.16,6.6,4,114.7,13.1,0,0,1
1054.16,19.5,5,168.6,16.8,0,0,0
833.1,8.82,2,78,4.1,1,0,0
715.56,1.23,1,39.5,14.3,1,0,0
722.43,8.51,1,41.3,24,1,0,1
847.17,21.24,4,133.6,24.9,0,0,0
755.52,8.77,2,81.1,25.8,0,0,0
1360.14,3.94,3,106.5,7.1,1,1,1
658.95,25.38,2,91.8,17.9,0,0,1
584.45,21.38,2,77.5,58.7,0,1,0
1108.98,7.99,2,88.8,3.3,1,1,1
645.66,23.93,1,75.6,10.8,0,0,1
846.08,26.04,2,102.9,3.4,1,0,1
811.1,28.24,3,126.6,56.6,1,1,0
485.21,22.83,2,80.8,29.5,0,0,0
753.59,40,4,155,31.8,0,0,0
930.5,16.7,4,95.7,24,1,0,0
1027.47,13.84,4,138.4,4.7,0,0,0
1026.67,1.32,2,78.5,15.1,0,1,0
682.87,11.32,1,37.6,20.4,1,0,1
591.83,20.09,2,77.3,28,0,0,0
1076.81,18.89,5,143.7,33,1,0,0
558.43,35.23,3,126.6,12.2,0,0,0
751.64,28.11,4,159.1,4.3,0,0,0
485.31,21.64,2,80,24.5,0,0,0
754.28,1.56,1,57.8,36.1,0,0,0
639.14,5.82,1,42.3,13.9,0,0,0
967.43,28.15,5,149,14.6,1,0,0
788.68,8.51,2,71.9,8.6,0,1,0
1015.88,0.88,2,64.2,49.6,1,1,0
995.7,6.14,3,83.5,26.5,1,1,0
691.55,12.01,1,59.4,19.2,1,1,0
1087.03,2.48,2,76,32.3,1,0,1
1090.77,22.44,3,139.3,9.1,1,0,1
784.67,12.43,2,71.3,25.9,0,1,1
942.48,7.96,2,93.3,14,1,0,1
943.37,2.13,2,72.9,2.8,1,0,0
1281.29,10.84,5,125.2,39.4,0,0,1
616.3,13.61,1,51.4,33.5,1,0,1
665.74,13.16,2,75.8,49.7,0,0,0
645.66,16.5,2,71.8,26.9,1,0,0
764.25,28.98,3,108.6,3.8,0,1,0
1078.87,15.94,4,123,2.6,0,0,1
1119.13,4.95,2,79.2,16.7,1,1,1
545.07,17.32,2,72.3,43.2,0,0,0
666.12,11.92,1,58.2,15,1,0,0
968.03,2.68,1,40.7,10.7,1,0,1
937.37,26.41,4,116.4,19.9,1,1,0
957.24,3.24,3,95.9,28.3,0,0,0
847.33,23.86,4,112.4,22.6,0,1,0
864.58,5.3,1,65,6.8,1,1,0
1025,17.46,5,131.1,22.5,0,0,0
1006.65,14.12,4,116,2.9,1,0,0
862.75,25.01,3,121.2,12.2,1,0,0
874.83,19.6,5,133.2,7.6,0,0,0
1016.71,9.2,3,84.1,18.2,0,0,1
963.54,2.6,2,79.7,6.4,1,1,0
652.79,24.33,2,88,11.1,0,1,0
1128.21,9.96,3,101.2,5.4,1,0,1
389.57,31.13,2,76.4,14.6,0,0,0
452.15,14.94,1,51.3,5.9,0,0,0
731.87,9.96,1,67.3,11.5,1,1,0
888.24,13.07,2,54.4,27.9,1,1,1
850.87,3.35,1,36.2,27.2,1,1,1
629.24,26.72,3,96.3,27.9,0,0,0
642.32,26.35,2,107.6,31.2,0,1,0
1063.81,11.87,3,102.5,15.3,1,0,1
801.81,5.42,1,47.3,15.3,1,0,1
1317.9,4.54,3,111.2,74.8,1,1,1
1058.53,10.32,3,91.7,17.1,0,0,1
1006.29,3.63,2,67.5,9.2,1,1,0
1076.4,3.48,2,67,17.4,0,1,1
1090.18,2.4,2,87.8,18.5,0,0,1
819.32,33,3,134.8,5.4,0,1,0
1642.73,1.48,5,137.6,2.8,1,0,1
927.6,9.17,2,96.2,20.4,1,0,0
488.49,18.18,1,58.9,18.5,0,0,0
686.33,1.61,1,35.6,6.6,0,0,0
742.58,0.72,1,45.4,29.7,0,0,0
998.39,0.66,1,44.5,23.1,1,1,1
677.53,15.48,2,87.3,9,1,0,0
596.26,15.66,2,91.1,9.7,0,0,0
1082.82,21.24,4,141.3,11.4,0,0,1
829.54,5.46,1,53.4,7.9,1,0,1
816.5,4.4,1,59,8.3,0,0,1
835.21,5.38,2,61.6,87.3,1,0,0
567.5,12.55,1,62.3,31.2,1,0,0
793.77,32.06,3,122.9,6.5,1,0,0
770.82,11.02,1,39.1,13.3,1,1,1
566.82,28.49,1,82.4,4.9,0,0,1
715.72,5.9,1,36.6,4.5,0,0,1
948.52,17.67,3,127,32.5,0,0,1
546.92,19.53,2,64.3,41,0,1,0
735.65,5.23,2,71.9,15.4,0,0,0
861.19,9.11,3,95.4,19.5,0,0,0
720.77,13.94,3,93.4,9.1,1,0,0
461.88,9.26,1,41.5,58,0,0,0
1437.52,11.2,5,142.9,11.7,0,1,1
760.28,14.17,2,76.4,32.5,0,0,1
963.97,5.33,2,67.5,19.1,0,0,1
1077.67,8.58,3,110.1,18.6,0,1,0
665.53,21.07,2,87.7,14.3,0,1,0
886.16,2.35,1,40.2,21.4,1,0,1
862.28,4.61,2,85.2,27.3,1,0,0
872.29,3.99,2,59.6,25.2,1,0,0
772.8,19.27,3,107.6,10.6,1,0,0
1152.79,4.17,3,69.5,14.2,0,1,1
703.03,10.53,2,70,30.1,0,0,0
710.84,25.23,3,101.6,6.3,0,0,0
838.9,3.2,1,56.2,18.9,1,0,1
1051.4,2.1,2,64.9,11.8,1,0,1
1156.39,4.55,3,90.5,21.3,1,0,1
986.41,40,5,184.1,24,0,1,0
855.26,1.52,1,35,17.4,1,0,1
922.64,12.68,2,100.4,18.1,1,0,1
892.14,9.01,2,93.8,54.4,0,0,1
803.39,23.03,3,100.3,17.3,0,0,1
704.25,16.01,1,49.8,39,1,1,1
765.73,13.09,2,83.7,29.1,1,0,0
402.9,40,1,72.8,1.6,0,0,0
945.1,5.53,1,44.8,11.5,1,1,1
745.16,5.61,1,51.9,20.4,0,0,1
681.6,7.96,1,65.4,11.3,0,0,0
914.43,18.61,2,70.8,11.6,1,0,1
751.67,35.36,3,118.5,22.9,1,0,0
968.67,0.99,2,49.4,64.2,1,1,1
1048.52,14.55,4,114,14.6,1,0,0
1200.34,8.15,3,112.4,8.9,1,0,1
653.14,25.99,2,80.5,51.7,1,1,0
945.96,1.53,1,74.7,23.4,1,0,1
1272.83,8.8,3,95.3,2.5,1,1,1
794.47,9.39,2,87.7,11.1,1,0,0
914.6,16.79,2,69.2,2.4,1,0,1
859.69,4.82,1,52.2,9.2,1,0,1
766.19,23.03,2,110.2,15.7,1,0,0
849.22,2.92,1,45,5.4,1,0,1
708.62,14.55,2,84.9,60.4,0,1,0
1027.51,13.88,3,99.8,15.4,0,0,1
901.98,29.02,5,148.6,15.8,0,0,0
975.28,21.27,5,131.5,57.9,1,0,0
989.9,5.36,2,74,12,1,0,1
489.75,13.15,1,49.7,17.8,0,1,0
837.35,33.36,3,118.5,17,1,0,0
1083.12,14.8,3,98.2,7.8,1,0,1
662.19,16.74,1,67.9,17.1,1,1,0
1395.45,20.25,5,144.5,32.5,1,1,1
1143.87,2.72,2,67.1,11.8,1,1,1
1265.98,0.8,2,55.3,4.1,1,1,1
1339.16,6.56,4,119.7,14.8,1,0,1
946.44,1.76,1,43.4,22.7,1,0,1
817.46,9.67,2,85.2,11.1,0,0,0
1043.11,3.84,2,68.5,4.6,0,0,1
1101.97,4.19,3,103,6.1,0,1,0
782.87,1.5,1,51.3,16.1,0,1,0
871.8,13.28,3,102.1,1.1,1,0,0
1041.29,6.49,2,88.4,5.2,1,0,1
463.56,20.75,1,62.3,30.1,0,0,0
642.22,32.9,2,104.5,4,0,0,0
722.9,22.83,2,96.2,1.6,0,0,1
950.78,4.83,3,86.3,7.3,0,0,0
874.92,13.22,2,66,15.2,1,0,1
684.47,17.86,2,94.7,35.4,1,0,0
905.61,5.78,2,98.6,24,0,1,0
745,10.69,2,72.5,39.6,0,1,0
726.51,7.59,1,51.2,16.4,0,1,0
994.45,3.27,2,58.6,17.7,0,0,1
881.96,6.37,2,76.9,20.3,1,1,0
997.37,11.39,3,100.8,1.8,0,0,1
1031.03,17.09,3,120.6,11.4,0,0,1
886.57,26.17,5,169,9.5,0,0,0
819.59,5.74,2,69,9.6,0,1,0
805.79,7.53,2,62.2,38.2,1,0,1
798.16,5.19,1,61.4,5.2,0,0,1
941.69,5.97,1,61.4,14.4,1,1,1
1300.91,6.42,4,109.1,39.8,1,0,1
961.91,6.34,2,70.8,33.7,1,0,1
591.06,31.2,3,112,44.6,0,0,0
879.52,17.37,2,80.7,7.8,1,0,1
933.23,10.63,2,85.4,1.4,0,0,1
685.06,10.1,2,68.8,23.6,0,0,0
784.27,23.97,3,90.7,6.5,0,0,1
598.73,17.71,2,81,52.1,0,0,0
1018.23,6.93,3,98.4,13.9,1,0,0
543.36,8.5,1,47.7,17,0,0,0
1234.76,9.07,4,122.5,7.8,0,0,1
866.74,23.82,3,106.8,77.5,0,0,1
677.22,9.79,1,54.6,41.8,1,1,0
931.4,3.74,1,51.4,21.4,1,1,1
675.76,8.18,2,64.6,65.1,1,0,0
715.79,14.29,2,75.9,24.3,0,0,1
355.67,22.23,1,52.1,9.2,0,0,0
1113.38,26.33,3,132,3.8,1,1,1
778.02,4.07,1,35,9.7,1,0,1
1187.38,6.42,3,85.3,10.9,1,0,1
885.32,11.94,2,82.7,20.1,1,0,1
835.69,5.39,1,70.4,9.2,0,1,0
1208.5,9.97,4,119.6,11.5,1,0,1
1145.86,0.9,3,79.7,34.3,0,0,1
665.93,33.18,2,102.3,4.3,1,0,0
1096.96,0.96,2,69.4,28.1,1,0,1
742.46,20.48,2,94.5,13.5,1,0,0
1103.83,11.34,5,155.7,30,1,0,0
647.48,8.21,1,52.7,10.8,0,0,0
1104.64,4.06,2,72.6,17.3,1,1,1
898.83,14.25,2,88.9,34.4,1,0,1
915.03,5.48,2,70.4,22.5,0,1,0
678.67,29.86,3,127.1,25.9,0,0,0
670.49,15.78,2,76.3,30.7,0,1,0
859.05,6.12,2,86.8,4.8,0,0,0
753.75,22.1,3,100.1,34.8,0,1,0
682.95,12.42,1,69.5,4.6,0,0,1
820.86,12.98,2,87.9,2.4,0,1,0
849.13,18.65,3,90.1,22.6,1,1,0
381.14,18.64,1,54.4,29.3,0,0,0
1216.38,9.55,4,123.6,2.4,1,0,1
1447.66,2.63,4,132.2,29.8,1,1,1
932.4,2.95,1,45.8,15.4,1,0,1
